{
  "creator": "Yosys 0.33 (git sha1 2584903a060)",
  "modules": {
    "alu_register_write": {
      "attributes": {
        "top": "00000000000000000000000000000001",
        "src": "/mnt/c/Users/Gupta/Desktop/vlsi/delay_predictor/Dataset/modules/discarded/alu_reqW.v:2.1-21.10"
      },
      "ports": {
        "clk": {
          "direction": "input",
          "bits": [ 2 ]
        },
        "rst": {
          "direction": "input",
          "bits": [ 3 ]
        },
        "in1": {
          "direction": "input",
          "bits": [ 4, 5, 6, 7, 8, 9, 10, 11 ]
        },
        "in2": {
          "direction": "input",
          "bits": [ 12, 13, 14, 15, 16, 17, 18, 19 ]
        },
        "sel": {
          "direction": "input",
          "bits": [ 20 ]
        },
        "wr_en": {
          "direction": "input",
          "bits": [ 21 ]
        },
        "result": {
          "direction": "output",
          "bits": [ 22, 23, 24, 25, 26, 27, 28, 29 ]
        }
      },
      "cells": {
        "$abc$420$auto$blifparse.cc:386:parse_blif$421": {
          "hide_name": 1,
          "type": "INV_X1",
          "parameters": {
          },
          "attributes": {
          },
          "connections": {
            "A": [ 21 ],
            "ZN": [ 30 ]
          }
        },
        "$abc$420$auto$blifparse.cc:386:parse_blif$422": {
          "hide_name": 1,
          "type": "INV_X1",
          "parameters": {
          },
          "attributes": {
          },
          "connections": {
            "A": [ 12 ],
            "ZN": [ 31 ]
          }
        },
        "$abc$420$auto$blifparse.cc:386:parse_blif$423": {
          "hide_name": 1,
          "type": "INV_X1",
          "parameters": {
          },
          "attributes": {
          },
          "connections": {
            "A": [ 20 ],
            "ZN": [ 32 ]
          }
        },
        "$abc$420$auto$blifparse.cc:386:parse_blif$424": {
          "hide_name": 1,
          "type": "INV_X1",
          "parameters": {
          },
          "attributes": {
          },
          "connections": {
            "A": [ 15 ],
            "ZN": [ 33 ]
          }
        },
        "$abc$420$auto$blifparse.cc:386:parse_blif$425": {
          "hide_name": 1,
          "type": "INV_X1",
          "parameters": {
          },
          "attributes": {
          },
          "connections": {
            "A": [ 18 ],
            "ZN": [ 34 ]
          }
        },
        "$abc$420$auto$blifparse.cc:386:parse_blif$426": {
          "hide_name": 1,
          "type": "NOR2_X1",
          "parameters": {
          },
          "attributes": {
          },
          "connections": {
            "A1": [ 4 ],
            "A2": [ 31 ],
            "ZN": [ 35 ]
          }
        },
        "$abc$420$auto$blifparse.cc:386:parse_blif$427": {
          "hide_name": 1,
          "type": "OAI21_X1",
          "parameters": {
          },
          "attributes": {
          },
          "connections": {
            "A": [ 21 ],
            "B1": [ 4 ],
            "B2": [ 31 ],
            "ZN": [ 36 ]
          }
        },
        "$abc$420$auto$blifparse.cc:386:parse_blif$428": {
          "hide_name": 1,
          "type": "AOI21_X1",
          "parameters": {
          },
          "attributes": {
          },
          "connections": {
            "A": [ 36 ],
            "B1": [ 31 ],
            "B2": [ 4 ],
            "ZN": [ 37 ]
          }
        },
        "$abc$420$auto$blifparse.cc:386:parse_blif$429": {
          "hide_name": 1,
          "type": "NOR2_X1",
          "parameters": {
          },
          "attributes": {
          },
          "connections": {
            "A1": [ 21 ],
            "A2": [ 22 ],
            "ZN": [ 38 ]
          }
        },
        "$abc$420$auto$blifparse.cc:386:parse_blif$430": {
          "hide_name": 1,
          "type": "NOR3_X1",
          "parameters": {
          },
          "attributes": {
          },
          "connections": {
            "A1": [ 3 ],
            "A2": [ 37 ],
            "A3": [ 38 ],
            "ZN": [ 39 ]
          }
        },
        "$abc$420$auto$blifparse.cc:386:parse_blif$431": {
          "hide_name": 1,
          "type": "AND2_X1",
          "parameters": {
          },
          "attributes": {
          },
          "connections": {
            "A1": [ 12 ],
            "A2": [ 13 ],
            "ZN": [ 40 ]
          }
        },
        "$abc$420$auto$blifparse.cc:386:parse_blif$432": {
          "hide_name": 1,
          "type": "NOR2_X1",
          "parameters": {
          },
          "attributes": {
          },
          "connections": {
            "A1": [ 12 ],
            "A2": [ 13 ],
            "ZN": [ 41 ]
          }
        },
        "$abc$420$auto$blifparse.cc:386:parse_blif$433": {
          "hide_name": 1,
          "type": "NOR2_X1",
          "parameters": {
          },
          "attributes": {
          },
          "connections": {
            "A1": [ 20 ],
            "A2": [ 41 ],
            "ZN": [ 42 ]
          }
        },
        "$abc$420$auto$blifparse.cc:386:parse_blif$434": {
          "hide_name": 1,
          "type": "OR3_X1",
          "parameters": {
          },
          "attributes": {
          },
          "connections": {
            "A1": [ 20 ],
            "A2": [ 40 ],
            "A3": [ 41 ],
            "ZN": [ 43 ]
          }
        },
        "$abc$420$auto$blifparse.cc:386:parse_blif$435": {
          "hide_name": 1,
          "type": "NAND2_X1",
          "parameters": {
          },
          "attributes": {
          },
          "connections": {
            "A1": [ 13 ],
            "A2": [ 20 ],
            "ZN": [ 44 ]
          }
        },
        "$abc$420$auto$blifparse.cc:386:parse_blif$436": {
          "hide_name": 1,
          "type": "NAND2_X1",
          "parameters": {
          },
          "attributes": {
          },
          "connections": {
            "A1": [ 43 ],
            "A2": [ 44 ],
            "ZN": [ 45 ]
          }
        },
        "$abc$420$auto$blifparse.cc:386:parse_blif$437": {
          "hide_name": 1,
          "type": "NAND3_X1",
          "parameters": {
          },
          "attributes": {
          },
          "connections": {
            "A1": [ 5 ],
            "A2": [ 43 ],
            "A3": [ 44 ],
            "ZN": [ 46 ]
          }
        },
        "$abc$420$auto$blifparse.cc:386:parse_blif$438": {
          "hide_name": 1,
          "type": "AOI21_X1",
          "parameters": {
          },
          "attributes": {
          },
          "connections": {
            "A": [ 5 ],
            "B1": [ 43 ],
            "B2": [ 44 ],
            "ZN": [ 47 ]
          }
        },
        "$abc$420$auto$blifparse.cc:386:parse_blif$439": {
          "hide_name": 1,
          "type": "XNOR2_X1",
          "parameters": {
          },
          "attributes": {
          },
          "connections": {
            "A": [ 5 ],
            "B": [ 45 ],
            "ZN": [ 48 ]
          }
        },
        "$abc$420$auto$blifparse.cc:386:parse_blif$440": {
          "hide_name": 1,
          "type": "XNOR2_X1",
          "parameters": {
          },
          "attributes": {
          },
          "connections": {
            "A": [ 35 ],
            "B": [ 48 ],
            "ZN": [ 49 ]
          }
        },
        "$abc$420$auto$blifparse.cc:386:parse_blif$441": {
          "hide_name": 1,
          "type": "NOR2_X1",
          "parameters": {
          },
          "attributes": {
          },
          "connections": {
            "A1": [ 30 ],
            "A2": [ 49 ],
            "ZN": [ 50 ]
          }
        },
        "$abc$420$auto$blifparse.cc:386:parse_blif$442": {
          "hide_name": 1,
          "type": "NOR2_X1",
          "parameters": {
          },
          "attributes": {
          },
          "connections": {
            "A1": [ 21 ],
            "A2": [ 23 ],
            "ZN": [ 51 ]
          }
        },
        "$abc$420$auto$blifparse.cc:386:parse_blif$443": {
          "hide_name": 1,
          "type": "NOR3_X1",
          "parameters": {
          },
          "attributes": {
          },
          "connections": {
            "A1": [ 3 ],
            "A2": [ 50 ],
            "A3": [ 51 ],
            "ZN": [ 52 ]
          }
        },
        "$abc$420$auto$blifparse.cc:386:parse_blif$444": {
          "hide_name": 1,
          "type": "OAI21_X1",
          "parameters": {
          },
          "attributes": {
          },
          "connections": {
            "A": [ 46 ],
            "B1": [ 47 ],
            "B2": [ 35 ],
            "ZN": [ 53 ]
          }
        },
        "$abc$420$auto$blifparse.cc:386:parse_blif$445": {
          "hide_name": 1,
          "type": "XNOR2_X1",
          "parameters": {
          },
          "attributes": {
          },
          "connections": {
            "A": [ 14 ],
            "B": [ 42 ],
            "ZN": [ 54 ]
          }
        },
        "$abc$420$auto$blifparse.cc:386:parse_blif$446": {
          "hide_name": 1,
          "type": "AND2_X1",
          "parameters": {
          },
          "attributes": {
          },
          "connections": {
            "A1": [ 6 ],
            "A2": [ 54 ],
            "ZN": [ 55 ]
          }
        },
        "$abc$420$auto$blifparse.cc:386:parse_blif$447": {
          "hide_name": 1,
          "type": "XOR2_X1",
          "parameters": {
          },
          "attributes": {
          },
          "connections": {
            "A": [ 6 ],
            "B": [ 54 ],
            "Z": [ 56 ]
          }
        },
        "$abc$420$auto$blifparse.cc:386:parse_blif$448": {
          "hide_name": 1,
          "type": "OR2_X1",
          "parameters": {
          },
          "attributes": {
          },
          "connections": {
            "A1": [ 53 ],
            "A2": [ 56 ],
            "ZN": [ 57 ]
          }
        },
        "$abc$420$auto$blifparse.cc:386:parse_blif$449": {
          "hide_name": 1,
          "type": "AOI21_X1",
          "parameters": {
          },
          "attributes": {
          },
          "connections": {
            "A": [ 30 ],
            "B1": [ 53 ],
            "B2": [ 56 ],
            "ZN": [ 58 ]
          }
        },
        "$abc$420$auto$blifparse.cc:386:parse_blif$450": {
          "hide_name": 1,
          "type": "AOI22_X1",
          "parameters": {
          },
          "attributes": {
          },
          "connections": {
            "A1": [ 30 ],
            "A2": [ 24 ],
            "B1": [ 57 ],
            "B2": [ 58 ],
            "ZN": [ 59 ]
          }
        },
        "$abc$420$auto$blifparse.cc:386:parse_blif$451": {
          "hide_name": 1,
          "type": "NOR2_X1",
          "parameters": {
          },
          "attributes": {
          },
          "connections": {
            "A1": [ 3 ],
            "A2": [ 59 ],
            "ZN": [ 60 ]
          }
        },
        "$abc$420$auto$blifparse.cc:386:parse_blif$452": {
          "hide_name": 1,
          "type": "AOI21_X1",
          "parameters": {
          },
          "attributes": {
          },
          "connections": {
            "A": [ 55 ],
            "B1": [ 56 ],
            "B2": [ 53 ],
            "ZN": [ 61 ]
          }
        },
        "$abc$420$auto$blifparse.cc:386:parse_blif$453": {
          "hide_name": 1,
          "type": "NOR3_X1",
          "parameters": {
          },
          "attributes": {
          },
          "connections": {
            "A1": [ 12 ],
            "A2": [ 13 ],
            "A3": [ 14 ],
            "ZN": [ 62 ]
          }
        },
        "$abc$420$auto$blifparse.cc:386:parse_blif$454": {
          "hide_name": 1,
          "type": "NOR2_X1",
          "parameters": {
          },
          "attributes": {
          },
          "connections": {
            "A1": [ 20 ],
            "A2": [ 62 ],
            "ZN": [ 63 ]
          }
        },
        "$abc$420$auto$blifparse.cc:386:parse_blif$455": {
          "hide_name": 1,
          "type": "XNOR2_X1",
          "parameters": {
          },
          "attributes": {
          },
          "connections": {
            "A": [ 15 ],
            "B": [ 63 ],
            "ZN": [ 64 ]
          }
        },
        "$abc$420$auto$blifparse.cc:386:parse_blif$456": {
          "hide_name": 1,
          "type": "NAND2_X1",
          "parameters": {
          },
          "attributes": {
          },
          "connections": {
            "A1": [ 7 ],
            "A2": [ 64 ],
            "ZN": [ 65 ]
          }
        },
        "$abc$420$auto$blifparse.cc:386:parse_blif$457": {
          "hide_name": 1,
          "type": "XOR2_X1",
          "parameters": {
          },
          "attributes": {
          },
          "connections": {
            "A": [ 7 ],
            "B": [ 64 ],
            "Z": [ 66 ]
          }
        },
        "$abc$420$auto$blifparse.cc:386:parse_blif$458": {
          "hide_name": 1,
          "type": "INV_X1",
          "parameters": {
          },
          "attributes": {
          },
          "connections": {
            "A": [ 66 ],
            "ZN": [ 67 ]
          }
        },
        "$abc$420$auto$blifparse.cc:386:parse_blif$459": {
          "hide_name": 1,
          "type": "OR2_X1",
          "parameters": {
          },
          "attributes": {
          },
          "connections": {
            "A1": [ 61 ],
            "A2": [ 67 ],
            "ZN": [ 68 ]
          }
        },
        "$abc$420$auto$blifparse.cc:386:parse_blif$460": {
          "hide_name": 1,
          "type": "AOI21_X1",
          "parameters": {
          },
          "attributes": {
          },
          "connections": {
            "A": [ 30 ],
            "B1": [ 61 ],
            "B2": [ 67 ],
            "ZN": [ 69 ]
          }
        },
        "$abc$420$auto$blifparse.cc:386:parse_blif$461": {
          "hide_name": 1,
          "type": "AOI22_X1",
          "parameters": {
          },
          "attributes": {
          },
          "connections": {
            "A1": [ 30 ],
            "A2": [ 25 ],
            "B1": [ 68 ],
            "B2": [ 69 ],
            "ZN": [ 70 ]
          }
        },
        "$abc$420$auto$blifparse.cc:386:parse_blif$462": {
          "hide_name": 1,
          "type": "NOR2_X1",
          "parameters": {
          },
          "attributes": {
          },
          "connections": {
            "A1": [ 3 ],
            "A2": [ 70 ],
            "ZN": [ 71 ]
          }
        },
        "$abc$420$auto$blifparse.cc:386:parse_blif$463": {
          "hide_name": 1,
          "type": "OAI21_X1",
          "parameters": {
          },
          "attributes": {
          },
          "connections": {
            "A": [ 65 ],
            "B1": [ 67 ],
            "B2": [ 61 ],
            "ZN": [ 72 ]
          }
        },
        "$abc$420$auto$blifparse.cc:386:parse_blif$464": {
          "hide_name": 1,
          "type": "NAND2_X1",
          "parameters": {
          },
          "attributes": {
          },
          "connections": {
            "A1": [ 33 ],
            "A2": [ 62 ],
            "ZN": [ 73 ]
          }
        },
        "$abc$420$auto$blifparse.cc:386:parse_blif$465": {
          "hide_name": 1,
          "type": "NAND2_X1",
          "parameters": {
          },
          "attributes": {
          },
          "connections": {
            "A1": [ 32 ],
            "A2": [ 73 ],
            "ZN": [ 74 ]
          }
        },
        "$abc$420$auto$blifparse.cc:386:parse_blif$466": {
          "hide_name": 1,
          "type": "XOR2_X1",
          "parameters": {
          },
          "attributes": {
          },
          "connections": {
            "A": [ 16 ],
            "B": [ 74 ],
            "Z": [ 75 ]
          }
        },
        "$abc$420$auto$blifparse.cc:386:parse_blif$467": {
          "hide_name": 1,
          "type": "AND2_X1",
          "parameters": {
          },
          "attributes": {
          },
          "connections": {
            "A1": [ 8 ],
            "A2": [ 75 ],
            "ZN": [ 76 ]
          }
        },
        "$abc$420$auto$blifparse.cc:386:parse_blif$468": {
          "hide_name": 1,
          "type": "XOR2_X1",
          "parameters": {
          },
          "attributes": {
          },
          "connections": {
            "A": [ 8 ],
            "B": [ 75 ],
            "Z": [ 77 ]
          }
        },
        "$abc$420$auto$blifparse.cc:386:parse_blif$469": {
          "hide_name": 1,
          "type": "OAI21_X1",
          "parameters": {
          },
          "attributes": {
          },
          "connections": {
            "A": [ 21 ],
            "B1": [ 72 ],
            "B2": [ 77 ],
            "ZN": [ 78 ]
          }
        },
        "$abc$420$auto$blifparse.cc:386:parse_blif$470": {
          "hide_name": 1,
          "type": "AOI21_X1",
          "parameters": {
          },
          "attributes": {
          },
          "connections": {
            "A": [ 78 ],
            "B1": [ 77 ],
            "B2": [ 72 ],
            "ZN": [ 79 ]
          }
        },
        "$abc$420$auto$blifparse.cc:386:parse_blif$471": {
          "hide_name": 1,
          "type": "AOI21_X1",
          "parameters": {
          },
          "attributes": {
          },
          "connections": {
            "A": [ 79 ],
            "B1": [ 26 ],
            "B2": [ 30 ],
            "ZN": [ 80 ]
          }
        },
        "$abc$420$auto$blifparse.cc:386:parse_blif$472": {
          "hide_name": 1,
          "type": "NOR2_X1",
          "parameters": {
          },
          "attributes": {
          },
          "connections": {
            "A1": [ 3 ],
            "A2": [ 80 ],
            "ZN": [ 81 ]
          }
        },
        "$abc$420$auto$blifparse.cc:386:parse_blif$473": {
          "hide_name": 1,
          "type": "NAND2_X1",
          "parameters": {
          },
          "attributes": {
          },
          "connections": {
            "A1": [ 30 ],
            "A2": [ 27 ],
            "ZN": [ 82 ]
          }
        },
        "$abc$420$auto$blifparse.cc:386:parse_blif$474": {
          "hide_name": 1,
          "type": "AOI21_X1",
          "parameters": {
          },
          "attributes": {
          },
          "connections": {
            "A": [ 76 ],
            "B1": [ 77 ],
            "B2": [ 72 ],
            "ZN": [ 83 ]
          }
        },
        "$abc$420$auto$blifparse.cc:386:parse_blif$475": {
          "hide_name": 1,
          "type": "OAI21_X1",
          "parameters": {
          },
          "attributes": {
          },
          "connections": {
            "A": [ 32 ],
            "B1": [ 16 ],
            "B2": [ 73 ],
            "ZN": [ 84 ]
          }
        },
        "$abc$420$auto$blifparse.cc:386:parse_blif$476": {
          "hide_name": 1,
          "type": "XOR2_X1",
          "parameters": {
          },
          "attributes": {
          },
          "connections": {
            "A": [ 17 ],
            "B": [ 84 ],
            "Z": [ 85 ]
          }
        },
        "$abc$420$auto$blifparse.cc:386:parse_blif$477": {
          "hide_name": 1,
          "type": "NAND2_X1",
          "parameters": {
          },
          "attributes": {
          },
          "connections": {
            "A1": [ 9 ],
            "A2": [ 85 ],
            "ZN": [ 86 ]
          }
        },
        "$abc$420$auto$blifparse.cc:386:parse_blif$478": {
          "hide_name": 1,
          "type": "XNOR2_X1",
          "parameters": {
          },
          "attributes": {
          },
          "connections": {
            "A": [ 9 ],
            "B": [ 85 ],
            "ZN": [ 87 ]
          }
        },
        "$abc$420$auto$blifparse.cc:386:parse_blif$479": {
          "hide_name": 1,
          "type": "AOI21_X1",
          "parameters": {
          },
          "attributes": {
          },
          "connections": {
            "A": [ 30 ],
            "B1": [ 83 ],
            "B2": [ 87 ],
            "ZN": [ 88 ]
          }
        },
        "$abc$420$auto$blifparse.cc:386:parse_blif$480": {
          "hide_name": 1,
          "type": "OAI21_X1",
          "parameters": {
          },
          "attributes": {
          },
          "connections": {
            "A": [ 88 ],
            "B1": [ 87 ],
            "B2": [ 83 ],
            "ZN": [ 89 ]
          }
        },
        "$abc$420$auto$blifparse.cc:386:parse_blif$481": {
          "hide_name": 1,
          "type": "AOI21_X1",
          "parameters": {
          },
          "attributes": {
          },
          "connections": {
            "A": [ 3 ],
            "B1": [ 82 ],
            "B2": [ 89 ],
            "ZN": [ 90 ]
          }
        },
        "$abc$420$auto$blifparse.cc:386:parse_blif$482": {
          "hide_name": 1,
          "type": "NAND2_X1",
          "parameters": {
          },
          "attributes": {
          },
          "connections": {
            "A1": [ 30 ],
            "A2": [ 28 ],
            "ZN": [ 91 ]
          }
        },
        "$abc$420$auto$blifparse.cc:386:parse_blif$483": {
          "hide_name": 1,
          "type": "OAI21_X1",
          "parameters": {
          },
          "attributes": {
          },
          "connections": {
            "A": [ 86 ],
            "B1": [ 87 ],
            "B2": [ 83 ],
            "ZN": [ 92 ]
          }
        },
        "$abc$420$auto$blifparse.cc:386:parse_blif$484": {
          "hide_name": 1,
          "type": "NOR3_X1",
          "parameters": {
          },
          "attributes": {
          },
          "connections": {
            "A1": [ 16 ],
            "A2": [ 17 ],
            "A3": [ 73 ],
            "ZN": [ 93 ]
          }
        },
        "$abc$420$auto$blifparse.cc:386:parse_blif$485": {
          "hide_name": 1,
          "type": "NOR2_X1",
          "parameters": {
          },
          "attributes": {
          },
          "connections": {
            "A1": [ 20 ],
            "A2": [ 93 ],
            "ZN": [ 94 ]
          }
        },
        "$abc$420$auto$blifparse.cc:386:parse_blif$486": {
          "hide_name": 1,
          "type": "XNOR2_X1",
          "parameters": {
          },
          "attributes": {
          },
          "connections": {
            "A": [ 18 ],
            "B": [ 94 ],
            "ZN": [ 95 ]
          }
        },
        "$abc$420$auto$blifparse.cc:386:parse_blif$487": {
          "hide_name": 1,
          "type": "AND2_X1",
          "parameters": {
          },
          "attributes": {
          },
          "connections": {
            "A1": [ 10 ],
            "A2": [ 95 ],
            "ZN": [ 96 ]
          }
        },
        "$abc$420$auto$blifparse.cc:386:parse_blif$488": {
          "hide_name": 1,
          "type": "XOR2_X1",
          "parameters": {
          },
          "attributes": {
          },
          "connections": {
            "A": [ 10 ],
            "B": [ 95 ],
            "Z": [ 97 ]
          }
        },
        "$abc$420$auto$blifparse.cc:386:parse_blif$489": {
          "hide_name": 1,
          "type": "AOI21_X1",
          "parameters": {
          },
          "attributes": {
          },
          "connections": {
            "A": [ 30 ],
            "B1": [ 92 ],
            "B2": [ 97 ],
            "ZN": [ 98 ]
          }
        },
        "$abc$420$auto$blifparse.cc:386:parse_blif$490": {
          "hide_name": 1,
          "type": "OAI21_X1",
          "parameters": {
          },
          "attributes": {
          },
          "connections": {
            "A": [ 98 ],
            "B1": [ 97 ],
            "B2": [ 92 ],
            "ZN": [ 99 ]
          }
        },
        "$abc$420$auto$blifparse.cc:386:parse_blif$491": {
          "hide_name": 1,
          "type": "AOI21_X1",
          "parameters": {
          },
          "attributes": {
          },
          "connections": {
            "A": [ 3 ],
            "B1": [ 91 ],
            "B2": [ 99 ],
            "ZN": [ 100 ]
          }
        },
        "$abc$420$auto$blifparse.cc:386:parse_blif$492": {
          "hide_name": 1,
          "type": "NAND2_X1",
          "parameters": {
          },
          "attributes": {
          },
          "connections": {
            "A1": [ 29 ],
            "A2": [ 30 ],
            "ZN": [ 101 ]
          }
        },
        "$abc$420$auto$blifparse.cc:386:parse_blif$493": {
          "hide_name": 1,
          "type": "AOI21_X1",
          "parameters": {
          },
          "attributes": {
          },
          "connections": {
            "A": [ 96 ],
            "B1": [ 97 ],
            "B2": [ 92 ],
            "ZN": [ 102 ]
          }
        },
        "$abc$420$auto$blifparse.cc:386:parse_blif$494": {
          "hide_name": 1,
          "type": "AOI21_X1",
          "parameters": {
          },
          "attributes": {
          },
          "connections": {
            "A": [ 20 ],
            "B1": [ 34 ],
            "B2": [ 93 ],
            "ZN": [ 103 ]
          }
        },
        "$abc$420$auto$blifparse.cc:386:parse_blif$495": {
          "hide_name": 1,
          "type": "XOR2_X1",
          "parameters": {
          },
          "attributes": {
          },
          "connections": {
            "A": [ 19 ],
            "B": [ 103 ],
            "Z": [ 104 ]
          }
        },
        "$abc$420$auto$blifparse.cc:386:parse_blif$496": {
          "hide_name": 1,
          "type": "XNOR2_X1",
          "parameters": {
          },
          "attributes": {
          },
          "connections": {
            "A": [ 11 ],
            "B": [ 104 ],
            "ZN": [ 105 ]
          }
        },
        "$abc$420$auto$blifparse.cc:386:parse_blif$497": {
          "hide_name": 1,
          "type": "XNOR2_X1",
          "parameters": {
          },
          "attributes": {
          },
          "connections": {
            "A": [ 102 ],
            "B": [ 105 ],
            "ZN": [ 106 ]
          }
        },
        "$abc$420$auto$blifparse.cc:386:parse_blif$498": {
          "hide_name": 1,
          "type": "NAND2_X1",
          "parameters": {
          },
          "attributes": {
          },
          "connections": {
            "A1": [ 21 ],
            "A2": [ 106 ],
            "ZN": [ 107 ]
          }
        },
        "$abc$420$auto$blifparse.cc:386:parse_blif$499": {
          "hide_name": 1,
          "type": "AOI21_X1",
          "parameters": {
          },
          "attributes": {
          },
          "connections": {
            "A": [ 3 ],
            "B1": [ 101 ],
            "B2": [ 107 ],
            "ZN": [ 108 ]
          }
        },
        "$auto$ff.cc:266:slice$119": {
          "hide_name": 1,
          "type": "DFF_X1",
          "parameters": {
          },
          "attributes": {
            "src": "/mnt/c/Users/Gupta/Desktop/vlsi/delay_predictor/Dataset/modules/discarded/alu_reqW.v:15.5-20.8"
          },
          "connections": {
            "CK": [ 2 ],
            "D": [ 39 ],
            "Q": [ 22 ],
            "QN": [ 109 ]
          }
        },
        "$auto$ff.cc:266:slice$120": {
          "hide_name": 1,
          "type": "DFF_X1",
          "parameters": {
          },
          "attributes": {
            "src": "/mnt/c/Users/Gupta/Desktop/vlsi/delay_predictor/Dataset/modules/discarded/alu_reqW.v:15.5-20.8"
          },
          "connections": {
            "CK": [ 2 ],
            "D": [ 52 ],
            "Q": [ 23 ],
            "QN": [ 110 ]
          }
        },
        "$auto$ff.cc:266:slice$121": {
          "hide_name": 1,
          "type": "DFF_X1",
          "parameters": {
          },
          "attributes": {
            "src": "/mnt/c/Users/Gupta/Desktop/vlsi/delay_predictor/Dataset/modules/discarded/alu_reqW.v:15.5-20.8"
          },
          "connections": {
            "CK": [ 2 ],
            "D": [ 60 ],
            "Q": [ 24 ],
            "QN": [ 111 ]
          }
        },
        "$auto$ff.cc:266:slice$122": {
          "hide_name": 1,
          "type": "DFF_X1",
          "parameters": {
          },
          "attributes": {
            "src": "/mnt/c/Users/Gupta/Desktop/vlsi/delay_predictor/Dataset/modules/discarded/alu_reqW.v:15.5-20.8"
          },
          "connections": {
            "CK": [ 2 ],
            "D": [ 71 ],
            "Q": [ 25 ],
            "QN": [ 112 ]
          }
        },
        "$auto$ff.cc:266:slice$123": {
          "hide_name": 1,
          "type": "DFF_X1",
          "parameters": {
          },
          "attributes": {
            "src": "/mnt/c/Users/Gupta/Desktop/vlsi/delay_predictor/Dataset/modules/discarded/alu_reqW.v:15.5-20.8"
          },
          "connections": {
            "CK": [ 2 ],
            "D": [ 81 ],
            "Q": [ 26 ],
            "QN": [ 113 ]
          }
        },
        "$auto$ff.cc:266:slice$124": {
          "hide_name": 1,
          "type": "DFF_X1",
          "parameters": {
          },
          "attributes": {
            "src": "/mnt/c/Users/Gupta/Desktop/vlsi/delay_predictor/Dataset/modules/discarded/alu_reqW.v:15.5-20.8"
          },
          "connections": {
            "CK": [ 2 ],
            "D": [ 90 ],
            "Q": [ 27 ],
            "QN": [ 114 ]
          }
        },
        "$auto$ff.cc:266:slice$125": {
          "hide_name": 1,
          "type": "DFF_X1",
          "parameters": {
          },
          "attributes": {
            "src": "/mnt/c/Users/Gupta/Desktop/vlsi/delay_predictor/Dataset/modules/discarded/alu_reqW.v:15.5-20.8"
          },
          "connections": {
            "CK": [ 2 ],
            "D": [ 100 ],
            "Q": [ 28 ],
            "QN": [ 115 ]
          }
        },
        "$auto$ff.cc:266:slice$126": {
          "hide_name": 1,
          "type": "DFF_X1",
          "parameters": {
          },
          "attributes": {
            "src": "/mnt/c/Users/Gupta/Desktop/vlsi/delay_predictor/Dataset/modules/discarded/alu_reqW.v:15.5-20.8"
          },
          "connections": {
            "CK": [ 2 ],
            "D": [ 108 ],
            "Q": [ 29 ],
            "QN": [ 116 ]
          }
        }
      },
      "netnames": {
        "$abc$420$auto$rtlil.cc:2609:MuxGate$383": {
          "hide_name": 1,
          "bits": [ 39 ],
          "attributes": {
          }
        },
        "$abc$420$auto$rtlil.cc:2609:MuxGate$387": {
          "hide_name": 1,
          "bits": [ 52 ],
          "attributes": {
          }
        },
        "$abc$420$auto$rtlil.cc:2609:MuxGate$391": {
          "hide_name": 1,
          "bits": [ 60 ],
          "attributes": {
          }
        },
        "$abc$420$auto$rtlil.cc:2609:MuxGate$395": {
          "hide_name": 1,
          "bits": [ 71 ],
          "attributes": {
          }
        },
        "$abc$420$auto$rtlil.cc:2609:MuxGate$399": {
          "hide_name": 1,
          "bits": [ 81 ],
          "attributes": {
          }
        },
        "$abc$420$auto$rtlil.cc:2609:MuxGate$403": {
          "hide_name": 1,
          "bits": [ 90 ],
          "attributes": {
          }
        },
        "$abc$420$auto$rtlil.cc:2609:MuxGate$407": {
          "hide_name": 1,
          "bits": [ 100 ],
          "attributes": {
          }
        },
        "$abc$420$auto$rtlil.cc:2609:MuxGate$411": {
          "hide_name": 1,
          "bits": [ 108 ],
          "attributes": {
          }
        },
        "$abc$420$new_n100_": {
          "hide_name": 1,
          "bits": [ 94 ],
          "attributes": {
          }
        },
        "$abc$420$new_n101_": {
          "hide_name": 1,
          "bits": [ 95 ],
          "attributes": {
          }
        },
        "$abc$420$new_n102_": {
          "hide_name": 1,
          "bits": [ 96 ],
          "attributes": {
          }
        },
        "$abc$420$new_n103_": {
          "hide_name": 1,
          "bits": [ 97 ],
          "attributes": {
          }
        },
        "$abc$420$new_n104_": {
          "hide_name": 1,
          "bits": [ 98 ],
          "attributes": {
          }
        },
        "$abc$420$new_n105_": {
          "hide_name": 1,
          "bits": [ 99 ],
          "attributes": {
          }
        },
        "$abc$420$new_n107_": {
          "hide_name": 1,
          "bits": [ 101 ],
          "attributes": {
          }
        },
        "$abc$420$new_n108_": {
          "hide_name": 1,
          "bits": [ 102 ],
          "attributes": {
          }
        },
        "$abc$420$new_n109_": {
          "hide_name": 1,
          "bits": [ 103 ],
          "attributes": {
          }
        },
        "$abc$420$new_n110_": {
          "hide_name": 1,
          "bits": [ 104 ],
          "attributes": {
          }
        },
        "$abc$420$new_n111_": {
          "hide_name": 1,
          "bits": [ 105 ],
          "attributes": {
          }
        },
        "$abc$420$new_n112_": {
          "hide_name": 1,
          "bits": [ 106 ],
          "attributes": {
          }
        },
        "$abc$420$new_n113_": {
          "hide_name": 1,
          "bits": [ 107 ],
          "attributes": {
          }
        },
        "$abc$420$new_n36_": {
          "hide_name": 1,
          "bits": [ 30 ],
          "attributes": {
          }
        },
        "$abc$420$new_n37_": {
          "hide_name": 1,
          "bits": [ 31 ],
          "attributes": {
          }
        },
        "$abc$420$new_n38_": {
          "hide_name": 1,
          "bits": [ 32 ],
          "attributes": {
          }
        },
        "$abc$420$new_n39_": {
          "hide_name": 1,
          "bits": [ 33 ],
          "attributes": {
          }
        },
        "$abc$420$new_n40_": {
          "hide_name": 1,
          "bits": [ 34 ],
          "attributes": {
          }
        },
        "$abc$420$new_n41_": {
          "hide_name": 1,
          "bits": [ 35 ],
          "attributes": {
          }
        },
        "$abc$420$new_n42_": {
          "hide_name": 1,
          "bits": [ 36 ],
          "attributes": {
          }
        },
        "$abc$420$new_n43_": {
          "hide_name": 1,
          "bits": [ 37 ],
          "attributes": {
          }
        },
        "$abc$420$new_n44_": {
          "hide_name": 1,
          "bits": [ 38 ],
          "attributes": {
          }
        },
        "$abc$420$new_n46_": {
          "hide_name": 1,
          "bits": [ 40 ],
          "attributes": {
          }
        },
        "$abc$420$new_n47_": {
          "hide_name": 1,
          "bits": [ 41 ],
          "attributes": {
          }
        },
        "$abc$420$new_n48_": {
          "hide_name": 1,
          "bits": [ 42 ],
          "attributes": {
          }
        },
        "$abc$420$new_n49_": {
          "hide_name": 1,
          "bits": [ 43 ],
          "attributes": {
          }
        },
        "$abc$420$new_n50_": {
          "hide_name": 1,
          "bits": [ 44 ],
          "attributes": {
          }
        },
        "$abc$420$new_n51_": {
          "hide_name": 1,
          "bits": [ 45 ],
          "attributes": {
          }
        },
        "$abc$420$new_n52_": {
          "hide_name": 1,
          "bits": [ 46 ],
          "attributes": {
          }
        },
        "$abc$420$new_n53_": {
          "hide_name": 1,
          "bits": [ 47 ],
          "attributes": {
          }
        },
        "$abc$420$new_n54_": {
          "hide_name": 1,
          "bits": [ 48 ],
          "attributes": {
          }
        },
        "$abc$420$new_n55_": {
          "hide_name": 1,
          "bits": [ 49 ],
          "attributes": {
          }
        },
        "$abc$420$new_n56_": {
          "hide_name": 1,
          "bits": [ 50 ],
          "attributes": {
          }
        },
        "$abc$420$new_n57_": {
          "hide_name": 1,
          "bits": [ 51 ],
          "attributes": {
          }
        },
        "$abc$420$new_n59_": {
          "hide_name": 1,
          "bits": [ 53 ],
          "attributes": {
          }
        },
        "$abc$420$new_n60_": {
          "hide_name": 1,
          "bits": [ 54 ],
          "attributes": {
          }
        },
        "$abc$420$new_n61_": {
          "hide_name": 1,
          "bits": [ 55 ],
          "attributes": {
          }
        },
        "$abc$420$new_n62_": {
          "hide_name": 1,
          "bits": [ 56 ],
          "attributes": {
          }
        },
        "$abc$420$new_n63_": {
          "hide_name": 1,
          "bits": [ 57 ],
          "attributes": {
          }
        },
        "$abc$420$new_n64_": {
          "hide_name": 1,
          "bits": [ 58 ],
          "attributes": {
          }
        },
        "$abc$420$new_n65_": {
          "hide_name": 1,
          "bits": [ 59 ],
          "attributes": {
          }
        },
        "$abc$420$new_n67_": {
          "hide_name": 1,
          "bits": [ 61 ],
          "attributes": {
          }
        },
        "$abc$420$new_n68_": {
          "hide_name": 1,
          "bits": [ 62 ],
          "attributes": {
          }
        },
        "$abc$420$new_n69_": {
          "hide_name": 1,
          "bits": [ 63 ],
          "attributes": {
          }
        },
        "$abc$420$new_n70_": {
          "hide_name": 1,
          "bits": [ 64 ],
          "attributes": {
          }
        },
        "$abc$420$new_n71_": {
          "hide_name": 1,
          "bits": [ 65 ],
          "attributes": {
          }
        },
        "$abc$420$new_n72_": {
          "hide_name": 1,
          "bits": [ 66 ],
          "attributes": {
          }
        },
        "$abc$420$new_n73_": {
          "hide_name": 1,
          "bits": [ 67 ],
          "attributes": {
          }
        },
        "$abc$420$new_n74_": {
          "hide_name": 1,
          "bits": [ 68 ],
          "attributes": {
          }
        },
        "$abc$420$new_n75_": {
          "hide_name": 1,
          "bits": [ 69 ],
          "attributes": {
          }
        },
        "$abc$420$new_n76_": {
          "hide_name": 1,
          "bits": [ 70 ],
          "attributes": {
          }
        },
        "$abc$420$new_n78_": {
          "hide_name": 1,
          "bits": [ 72 ],
          "attributes": {
          }
        },
        "$abc$420$new_n79_": {
          "hide_name": 1,
          "bits": [ 73 ],
          "attributes": {
          }
        },
        "$abc$420$new_n80_": {
          "hide_name": 1,
          "bits": [ 74 ],
          "attributes": {
          }
        },
        "$abc$420$new_n81_": {
          "hide_name": 1,
          "bits": [ 75 ],
          "attributes": {
          }
        },
        "$abc$420$new_n82_": {
          "hide_name": 1,
          "bits": [ 76 ],
          "attributes": {
          }
        },
        "$abc$420$new_n83_": {
          "hide_name": 1,
          "bits": [ 77 ],
          "attributes": {
          }
        },
        "$abc$420$new_n84_": {
          "hide_name": 1,
          "bits": [ 78 ],
          "attributes": {
          }
        },
        "$abc$420$new_n85_": {
          "hide_name": 1,
          "bits": [ 79 ],
          "attributes": {
          }
        },
        "$abc$420$new_n86_": {
          "hide_name": 1,
          "bits": [ 80 ],
          "attributes": {
          }
        },
        "$abc$420$new_n88_": {
          "hide_name": 1,
          "bits": [ 82 ],
          "attributes": {
          }
        },
        "$abc$420$new_n89_": {
          "hide_name": 1,
          "bits": [ 83 ],
          "attributes": {
          }
        },
        "$abc$420$new_n90_": {
          "hide_name": 1,
          "bits": [ 84 ],
          "attributes": {
          }
        },
        "$abc$420$new_n91_": {
          "hide_name": 1,
          "bits": [ 85 ],
          "attributes": {
          }
        },
        "$abc$420$new_n92_": {
          "hide_name": 1,
          "bits": [ 86 ],
          "attributes": {
          }
        },
        "$abc$420$new_n93_": {
          "hide_name": 1,
          "bits": [ 87 ],
          "attributes": {
          }
        },
        "$abc$420$new_n94_": {
          "hide_name": 1,
          "bits": [ 88 ],
          "attributes": {
          }
        },
        "$abc$420$new_n95_": {
          "hide_name": 1,
          "bits": [ 89 ],
          "attributes": {
          }
        },
        "$abc$420$new_n97_": {
          "hide_name": 1,
          "bits": [ 91 ],
          "attributes": {
          }
        },
        "$abc$420$new_n98_": {
          "hide_name": 1,
          "bits": [ 92 ],
          "attributes": {
          }
        },
        "$abc$420$new_n99_": {
          "hide_name": 1,
          "bits": [ 93 ],
          "attributes": {
          }
        },
        "$auto$dfflibmap.cc:381:dfflibmap$412": {
          "hide_name": 1,
          "bits": [ 116 ],
          "attributes": {
          }
        },
        "$auto$dfflibmap.cc:381:dfflibmap$413": {
          "hide_name": 1,
          "bits": [ 115 ],
          "attributes": {
          }
        },
        "$auto$dfflibmap.cc:381:dfflibmap$414": {
          "hide_name": 1,
          "bits": [ 114 ],
          "attributes": {
          }
        },
        "$auto$dfflibmap.cc:381:dfflibmap$415": {
          "hide_name": 1,
          "bits": [ 113 ],
          "attributes": {
          }
        },
        "$auto$dfflibmap.cc:381:dfflibmap$416": {
          "hide_name": 1,
          "bits": [ 112 ],
          "attributes": {
          }
        },
        "$auto$dfflibmap.cc:381:dfflibmap$417": {
          "hide_name": 1,
          "bits": [ 111 ],
          "attributes": {
          }
        },
        "$auto$dfflibmap.cc:381:dfflibmap$418": {
          "hide_name": 1,
          "bits": [ 110 ],
          "attributes": {
          }
        },
        "$auto$dfflibmap.cc:381:dfflibmap$419": {
          "hide_name": 1,
          "bits": [ 109 ],
          "attributes": {
          }
        },
        "clk": {
          "hide_name": 0,
          "bits": [ 2 ],
          "attributes": {
            "src": "/mnt/c/Users/Gupta/Desktop/vlsi/delay_predictor/Dataset/modules/discarded/alu_reqW.v:3.11-3.14"
          }
        },
        "in1": {
          "hide_name": 0,
          "bits": [ 4, 5, 6, 7, 8, 9, 10, 11 ],
          "attributes": {
            "src": "/mnt/c/Users/Gupta/Desktop/vlsi/delay_predictor/Dataset/modules/discarded/alu_reqW.v:5.17-5.20"
          }
        },
        "in2": {
          "hide_name": 0,
          "bits": [ 12, 13, 14, 15, 16, 17, 18, 19 ],
          "attributes": {
            "src": "/mnt/c/Users/Gupta/Desktop/vlsi/delay_predictor/Dataset/modules/discarded/alu_reqW.v:6.17-6.20"
          }
        },
        "result": {
          "hide_name": 0,
          "bits": [ 22, 23, 24, 25, 26, 27, 28, 29 ],
          "attributes": {
            "src": "/mnt/c/Users/Gupta/Desktop/vlsi/delay_predictor/Dataset/modules/discarded/alu_reqW.v:9.22-9.28"
          }
        },
        "rst": {
          "hide_name": 0,
          "bits": [ 3 ],
          "attributes": {
            "src": "/mnt/c/Users/Gupta/Desktop/vlsi/delay_predictor/Dataset/modules/discarded/alu_reqW.v:4.11-4.14"
          }
        },
        "sel": {
          "hide_name": 0,
          "bits": [ 20 ],
          "attributes": {
            "src": "/mnt/c/Users/Gupta/Desktop/vlsi/delay_predictor/Dataset/modules/discarded/alu_reqW.v:7.11-7.14"
          }
        },
        "wr_en": {
          "hide_name": 0,
          "bits": [ 21 ],
          "attributes": {
            "src": "/mnt/c/Users/Gupta/Desktop/vlsi/delay_predictor/Dataset/modules/discarded/alu_reqW.v:8.11-8.16"
          }
        }
      }
    }
  }
}
