{
  "creator": "Yosys 0.33 (git sha1 2584903a060)",
  "modules": {
    "mealy_nonol": {
      "attributes": {
        "top": "00000000000000000000000000000001",
        "src": "/mnt/c/Users/Gupta/Desktop/vlsi/delay_predictor/Dataset/modules/discarded/g1101seqMealy.v:2.1-45.10"
      },
      "parameter_default_values": {
        "S0": "00000000000000000000000000000000",
        "S1": "00000000000000000000000000000001",
        "S2": "00000000000000000000000000000010",
        "S3": "00000000000000000000000000000011"
      },
      "ports": {
        "in": {
          "direction": "input",
          "bits": [ 2 ]
        },
        "clk": {
          "direction": "input",
          "bits": [ 3 ]
        },
        "reset": {
          "direction": "input",
          "bits": [ 4 ]
        },
        "out": {
          "direction": "output",
          "bits": [ 5 ]
        }
      },
      "cells": {
        "$abc$184$auto$blifparse.cc:386:parse_blif$185": {
          "hide_name": 1,
          "type": "INV_X1",
          "parameters": {
          },
          "attributes": {
          },
          "connections": {
            "A": [ 4 ],
            "ZN": [ 6 ]
          }
        },
        "$abc$184$auto$blifparse.cc:386:parse_blif$186": {
          "hide_name": 1,
          "type": "XNOR2_X1",
          "parameters": {
          },
          "attributes": {
          },
          "connections": {
            "A": [ 7 ],
            "B": [ 2 ],
            "ZN": [ 8 ]
          }
        },
        "$abc$184$auto$blifparse.cc:386:parse_blif$187": {
          "hide_name": 1,
          "type": "NOR2_X1",
          "parameters": {
          },
          "attributes": {
          },
          "connections": {
            "A1": [ 9 ],
            "A2": [ 8 ],
            "ZN": [ 10 ]
          }
        },
        "$abc$184$auto$blifparse.cc:386:parse_blif$188": {
          "hide_name": 1,
          "type": "AOI21_X1",
          "parameters": {
          },
          "attributes": {
          },
          "connections": {
            "A": [ 7 ],
            "B1": [ 9 ],
            "B2": [ 2 ],
            "ZN": [ 11 ]
          }
        },
        "$abc$184$auto$blifparse.cc:386:parse_blif$189": {
          "hide_name": 1,
          "type": "AOI21_X1",
          "parameters": {
          },
          "attributes": {
          },
          "connections": {
            "A": [ 11 ],
            "B1": [ 9 ],
            "B2": [ 7 ],
            "ZN": [ 12 ]
          }
        },
        "$abc$184$auto$blifparse.cc:386:parse_blif$190": {
          "hide_name": 1,
          "type": "AND3_X1",
          "parameters": {
          },
          "attributes": {
          },
          "connections": {
            "A1": [ 7 ],
            "A2": [ 9 ],
            "A3": [ 2 ],
            "ZN": [ 5 ]
          }
        },
        "$abc$184$auto$blifparse.cc:386:parse_blif$191": {
          "hide_name": 1,
          "type": "INV_X1",
          "parameters": {
          },
          "attributes": {
          },
          "connections": {
            "A": [ 4 ],
            "ZN": [ 13 ]
          }
        },
        "$auto$ff.cc:266:slice$138": {
          "hide_name": 1,
          "type": "DFFR_X1",
          "parameters": {
          },
          "attributes": {
            "src": "/mnt/c/Users/Gupta/Desktop/vlsi/delay_predictor/Dataset/modules/discarded/g1101seqMealy.v:15.1-21.7"
          },
          "connections": {
            "CK": [ 3 ],
            "D": [ 10 ],
            "Q": [ 9 ],
            "QN": [ 14 ],
            "RN": [ 6 ]
          }
        },
        "$auto$ff.cc:266:slice$139": {
          "hide_name": 1,
          "type": "DFFR_X1",
          "parameters": {
          },
          "attributes": {
            "src": "/mnt/c/Users/Gupta/Desktop/vlsi/delay_predictor/Dataset/modules/discarded/g1101seqMealy.v:15.1-21.7"
          },
          "connections": {
            "CK": [ 3 ],
            "D": [ 12 ],
            "Q": [ 7 ],
            "QN": [ 15 ],
            "RN": [ 13 ]
          }
        }
      },
      "netnames": {
        "$abc$184$auto$rtlil.cc:2600:NotGate$179": {
          "hide_name": 1,
          "bits": [ 6 ],
          "attributes": {
          }
        },
        "$abc$184$auto$rtlil.cc:2600:NotGate$181": {
          "hide_name": 1,
          "bits": [ 13 ],
          "attributes": {
          }
        },
        "$abc$184$new_n11_": {
          "hide_name": 1,
          "bits": [ 8 ],
          "attributes": {
          }
        },
        "$abc$184$new_n13_": {
          "hide_name": 1,
          "bits": [ 11 ],
          "attributes": {
          }
        },
        "$auto$dfflibmap.cc:381:dfflibmap$182": {
          "hide_name": 1,
          "bits": [ 15 ],
          "attributes": {
          }
        },
        "$auto$dfflibmap.cc:381:dfflibmap$183": {
          "hide_name": 1,
          "bits": [ 14 ],
          "attributes": {
          }
        },
        "clk": {
          "hide_name": 0,
          "bits": [ 3 ],
          "attributes": {
            "src": "/mnt/c/Users/Gupta/Desktop/vlsi/delay_predictor/Dataset/modules/discarded/g1101seqMealy.v:10.11-10.14"
          }
        },
        "in": {
          "hide_name": 0,
          "bits": [ 2 ],
          "attributes": {
            "src": "/mnt/c/Users/Gupta/Desktop/vlsi/delay_predictor/Dataset/modules/discarded/g1101seqMealy.v:10.7-10.9"
          }
        },
        "next_state": {
          "hide_name": 0,
          "bits": [ 10, 12 ],
          "attributes": {
            "src": "/mnt/c/Users/Gupta/Desktop/vlsi/delay_predictor/Dataset/modules/discarded/g1101seqMealy.v:13.25-13.35"
          }
        },
        "out": {
          "hide_name": 0,
          "bits": [ 5 ],
          "attributes": {
            "src": "/mnt/c/Users/Gupta/Desktop/vlsi/delay_predictor/Dataset/modules/discarded/g1101seqMealy.v:11.12-11.15"
          }
        },
        "present_state": {
          "hide_name": 0,
          "bits": [ 9, 7 ],
          "attributes": {
            "src": "/mnt/c/Users/Gupta/Desktop/vlsi/delay_predictor/Dataset/modules/discarded/g1101seqMealy.v:13.11-13.24"
          }
        },
        "reset": {
          "hide_name": 0,
          "bits": [ 4 ],
          "attributes": {
            "src": "/mnt/c/Users/Gupta/Desktop/vlsi/delay_predictor/Dataset/modules/discarded/g1101seqMealy.v:10.16-10.21"
          }
        }
      }
    }
  }
}
