{
  "creator": "Yosys 0.33 (git sha1 2584903a060)",
  "modules": {
    "moore_ol": {
      "attributes": {
        "top": "00000000000000000000000000000001",
        "src": "/mnt/c/Users/Gupta/Desktop/vlsi/delay_predictor/Dataset/modules/discarded/g1101seqOverlap.v:2.1-66.10"
      },
      "parameter_default_values": {
        "S0": "00000000000000000000000000000000",
        "S1": "00000000000000000000000000000001",
        "S2": "00000000000000000000000000000010",
        "S3": "00000000000000000000000000000011",
        "S4": "00000000000000000000000000000100"
      },
      "ports": {
        "in": {
          "direction": "input",
          "bits": [ 2 ]
        },
        "clk": {
          "direction": "input",
          "bits": [ 3 ]
        },
        "reset": {
          "direction": "input",
          "bits": [ 4 ]
        },
        "out": {
          "direction": "output",
          "bits": [ 5 ]
        }
      },
      "cells": {
        "$abc$337$auto$blifparse.cc:386:parse_blif$338": {
          "hide_name": 1,
          "type": "INV_X1",
          "parameters": {
          },
          "attributes": {
          },
          "connections": {
            "A": [ 6 ],
            "ZN": [ 7 ]
          }
        },
        "$abc$337$auto$blifparse.cc:386:parse_blif$339": {
          "hide_name": 1,
          "type": "INV_X1",
          "parameters": {
          },
          "attributes": {
          },
          "connections": {
            "A": [ 4 ],
            "ZN": [ 8 ]
          }
        },
        "$abc$337$auto$blifparse.cc:386:parse_blif$340": {
          "hide_name": 1,
          "type": "NOR2_X1",
          "parameters": {
          },
          "attributes": {
          },
          "connections": {
            "A1": [ 6 ],
            "A2": [ 9 ],
            "ZN": [ 10 ]
          }
        },
        "$abc$337$auto$blifparse.cc:386:parse_blif$341": {
          "hide_name": 1,
          "type": "AND2_X1",
          "parameters": {
          },
          "attributes": {
          },
          "connections": {
            "A1": [ 11 ],
            "A2": [ 10 ],
            "ZN": [ 12 ]
          }
        },
        "$abc$337$auto$blifparse.cc:386:parse_blif$342": {
          "hide_name": 1,
          "type": "NAND3_X1",
          "parameters": {
          },
          "attributes": {
          },
          "connections": {
            "A1": [ 7 ],
            "A2": [ 9 ],
            "A3": [ 13 ],
            "ZN": [ 14 ]
          }
        },
        "$abc$337$auto$blifparse.cc:386:parse_blif$343": {
          "hide_name": 1,
          "type": "NAND3_X1",
          "parameters": {
          },
          "attributes": {
          },
          "connections": {
            "A1": [ 13 ],
            "A2": [ 2 ],
            "A3": [ 10 ],
            "ZN": [ 15 ]
          }
        },
        "$abc$337$auto$blifparse.cc:386:parse_blif$344": {
          "hide_name": 1,
          "type": "OAI21_X1",
          "parameters": {
          },
          "attributes": {
          },
          "connections": {
            "A": [ 15 ],
            "B1": [ 14 ],
            "B2": [ 2 ],
            "ZN": [ 16 ]
          }
        },
        "$abc$337$auto$blifparse.cc:386:parse_blif$345": {
          "hide_name": 1,
          "type": "NOR3_X1",
          "parameters": {
          },
          "attributes": {
          },
          "connections": {
            "A1": [ 7 ],
            "A2": [ 9 ],
            "A3": [ 11 ],
            "ZN": [ 17 ]
          }
        },
        "$abc$337$auto$blifparse.cc:386:parse_blif$346": {
          "hide_name": 1,
          "type": "OAI21_X1",
          "parameters": {
          },
          "attributes": {
          },
          "connections": {
            "A": [ 2 ],
            "B1": [ 12 ],
            "B2": [ 17 ],
            "ZN": [ 18 ]
          }
        },
        "$abc$337$auto$blifparse.cc:386:parse_blif$347": {
          "hide_name": 1,
          "type": "NAND2_X1",
          "parameters": {
          },
          "attributes": {
          },
          "connections": {
            "A1": [ 14 ],
            "A2": [ 18 ],
            "ZN": [ 19 ]
          }
        },
        "$abc$337$auto$blifparse.cc:386:parse_blif$348": {
          "hide_name": 1,
          "type": "NAND2_X1",
          "parameters": {
          },
          "attributes": {
          },
          "connections": {
            "A1": [ 6 ],
            "A2": [ 9 ],
            "ZN": [ 20 ]
          }
        },
        "$abc$337$auto$blifparse.cc:386:parse_blif$349": {
          "hide_name": 1,
          "type": "NOR2_X1",
          "parameters": {
          },
          "attributes": {
          },
          "connections": {
            "A1": [ 11 ],
            "A2": [ 20 ],
            "ZN": [ 21 ]
          }
        },
        "$abc$337$auto$blifparse.cc:386:parse_blif$350": {
          "hide_name": 1,
          "type": "AND2_X1",
          "parameters": {
          },
          "attributes": {
          },
          "connections": {
            "A1": [ 2 ],
            "A2": [ 21 ],
            "ZN": [ 22 ]
          }
        },
        "$abc$337$auto$blifparse.cc:386:parse_blif$351": {
          "hide_name": 1,
          "type": "AOI211_X1",
          "parameters": {
          },
          "attributes": {
          },
          "connections": {
            "A": [ 12 ],
            "B": [ 21 ],
            "C1": [ 20 ],
            "C2": [ 13 ],
            "ZN": [ 23 ]
          }
        },
        "$abc$337$auto$blifparse.cc:386:parse_blif$352": {
          "hide_name": 1,
          "type": "INV_X1",
          "parameters": {
          },
          "attributes": {
          },
          "connections": {
            "A": [ 4 ],
            "ZN": [ 24 ]
          }
        },
        "$abc$337$auto$blifparse.cc:386:parse_blif$353": {
          "hide_name": 1,
          "type": "INV_X1",
          "parameters": {
          },
          "attributes": {
          },
          "connections": {
            "A": [ 4 ],
            "ZN": [ 25 ]
          }
        },
        "$auto$ff.cc:266:slice$252": {
          "hide_name": 1,
          "type": "$_DLATCH_N_",
          "parameters": {
          },
          "attributes": {
            "src": "/mnt/c/Users/Gupta/Desktop/vlsi/delay_predictor/Dataset/modules/discarded/g1101seqOverlap.v:25.1-65.7"
          },
          "port_directions": {
            "D": "input",
            "E": "input",
            "Q": "output"
          },
          "connections": {
            "D": [ 12 ],
            "E": [ 23 ],
            "Q": [ 5 ]
          }
        },
        "$auto$ff.cc:266:slice$253": {
          "hide_name": 1,
          "type": "DFFR_X1",
          "parameters": {
          },
          "attributes": {
            "src": "/mnt/c/Users/Gupta/Desktop/vlsi/delay_predictor/Dataset/modules/discarded/g1101seqOverlap.v:16.1-22.7"
          },
          "connections": {
            "CK": [ 3 ],
            "D": [ 16 ],
            "Q": [ 6 ],
            "QN": [ 26 ],
            "RN": [ 8 ]
          }
        },
        "$auto$ff.cc:266:slice$254": {
          "hide_name": 1,
          "type": "DFFR_X1",
          "parameters": {
          },
          "attributes": {
            "src": "/mnt/c/Users/Gupta/Desktop/vlsi/delay_predictor/Dataset/modules/discarded/g1101seqOverlap.v:16.1-22.7"
          },
          "connections": {
            "CK": [ 3 ],
            "D": [ 19 ],
            "Q": [ 9 ],
            "QN": [ 27 ],
            "RN": [ 24 ]
          }
        },
        "$auto$ff.cc:266:slice$255": {
          "hide_name": 1,
          "type": "DFFR_X1",
          "parameters": {
          },
          "attributes": {
            "src": "/mnt/c/Users/Gupta/Desktop/vlsi/delay_predictor/Dataset/modules/discarded/g1101seqOverlap.v:16.1-22.7"
          },
          "connections": {
            "CK": [ 3 ],
            "D": [ 22 ],
            "Q": [ 11 ],
            "QN": [ 13 ],
            "RN": [ 25 ]
          }
        }
      },
      "netnames": {
        "$0\\out[0:0]": {
          "hide_name": 1,
          "bits": [ 12 ],
          "attributes": {
            "src": "/mnt/c/Users/Gupta/Desktop/vlsi/delay_predictor/Dataset/modules/discarded/g1101seqOverlap.v:25.1-65.7"
          }
        },
        "$abc$301$auto$rtlil.cc:2405:ReduceOr$88": {
          "hide_name": 1,
          "bits": [ 23 ],
          "attributes": {
          }
        },
        "$abc$301$new_n12_": {
          "hide_name": 1,
          "bits": [ 13 ],
          "attributes": {
          }
        },
        "$abc$337$auto$rtlil.cc:2600:NotGate$328": {
          "hide_name": 1,
          "bits": [ 8 ],
          "attributes": {
          }
        },
        "$abc$337$auto$rtlil.cc:2600:NotGate$330": {
          "hide_name": 1,
          "bits": [ 24 ],
          "attributes": {
          }
        },
        "$abc$337$auto$rtlil.cc:2600:NotGate$332": {
          "hide_name": 1,
          "bits": [ 25 ],
          "attributes": {
          }
        },
        "$abc$337$new_n15_": {
          "hide_name": 1,
          "bits": [ 7 ],
          "attributes": {
          }
        },
        "$abc$337$new_n17_": {
          "hide_name": 1,
          "bits": [ 10 ],
          "attributes": {
          }
        },
        "$abc$337$new_n19_": {
          "hide_name": 1,
          "bits": [ 14 ],
          "attributes": {
          }
        },
        "$abc$337$new_n20_": {
          "hide_name": 1,
          "bits": [ 15 ],
          "attributes": {
          }
        },
        "$abc$337$new_n22_": {
          "hide_name": 1,
          "bits": [ 17 ],
          "attributes": {
          }
        },
        "$abc$337$new_n23_": {
          "hide_name": 1,
          "bits": [ 18 ],
          "attributes": {
          }
        },
        "$abc$337$new_n25_": {
          "hide_name": 1,
          "bits": [ 20 ],
          "attributes": {
          }
        },
        "$abc$337$new_n26_": {
          "hide_name": 1,
          "bits": [ 21 ],
          "attributes": {
          }
        },
        "$auto$dfflibmap.cc:381:dfflibmap$335": {
          "hide_name": 1,
          "bits": [ 27 ],
          "attributes": {
          }
        },
        "$auto$dfflibmap.cc:381:dfflibmap$336": {
          "hide_name": 1,
          "bits": [ 26 ],
          "attributes": {
          }
        },
        "clk": {
          "hide_name": 0,
          "bits": [ 3 ],
          "attributes": {
            "src": "/mnt/c/Users/Gupta/Desktop/vlsi/delay_predictor/Dataset/modules/discarded/g1101seqOverlap.v:10.17-10.20"
          }
        },
        "in": {
          "hide_name": 0,
          "bits": [ 2 ],
          "attributes": {
            "src": "/mnt/c/Users/Gupta/Desktop/vlsi/delay_predictor/Dataset/modules/discarded/g1101seqOverlap.v:10.13-10.15"
          }
        },
        "next_state": {
          "hide_name": 0,
          "bits": [ 16, 19, 22 ],
          "attributes": {
            "src": "/mnt/c/Users/Gupta/Desktop/vlsi/delay_predictor/Dataset/modules/discarded/g1101seqOverlap.v:13.34-13.44"
          }
        },
        "out": {
          "hide_name": 0,
          "bits": [ 5 ],
          "attributes": {
            "src": "/mnt/c/Users/Gupta/Desktop/vlsi/delay_predictor/Dataset/modules/discarded/g1101seqOverlap.v:11.13-11.16"
          }
        },
        "present_state": {
          "hide_name": 0,
          "bits": [ 6, 9, 11 ],
          "attributes": {
            "src": "/mnt/c/Users/Gupta/Desktop/vlsi/delay_predictor/Dataset/modules/discarded/g1101seqOverlap.v:13.19-13.32"
          }
        },
        "reset": {
          "hide_name": 0,
          "bits": [ 4 ],
          "attributes": {
            "src": "/mnt/c/Users/Gupta/Desktop/vlsi/delay_predictor/Dataset/modules/discarded/g1101seqOverlap.v:10.22-10.27"
          }
        }
      }
    }
  }
}
