{
  "creator": "Yosys 0.33 (git sha1 2584903a060)",
  "modules": {
    "full_half_add_1bit": {
      "attributes": {
        "top": "00000000000000000000000000000001",
        "src": "/mnt/c/Users/Gupta/Desktop/vlsi/delay_predictor/Dataset/modules/discarded/g2HA_adder.v:2.1-31.10"
      },
      "ports": {
        "i_a": {
          "direction": "input",
          "bits": [ 2 ]
        },
        "i_b": {
          "direction": "input",
          "bits": [ 3 ]
        },
        "i_cin": {
          "direction": "input",
          "bits": [ 4 ]
        },
        "o_sum": {
          "direction": "output",
          "bits": [ 5 ]
        },
        "o_carry": {
          "direction": "output",
          "bits": [ 6 ]
        }
      },
      "cells": {
        "$abc$89$auto$blifparse.cc:386:parse_blif$90": {
          "hide_name": 1,
          "type": "OR2_X1",
          "parameters": {
          },
          "attributes": {
          },
          "connections": {
            "A1": [ 7 ],
            "A2": [ 8 ],
            "ZN": [ 6 ]
          }
        },
        "h1": {
          "hide_name": 0,
          "type": "half_adder",
          "parameters": {
          },
          "attributes": {
            "module_not_derived": "00000000000000000000000000000001",
            "src": "/mnt/c/Users/Gupta/Desktop/vlsi/delay_predictor/Dataset/modules/discarded/g2HA_adder.v:16.12-21.16"
          },
          "port_directions": {
            "h_a": "input",
            "h_b": "input",
            "h_carry": "output",
            "h_sum": "output"
          },
          "connections": {
            "h_a": [ 2 ],
            "h_b": [ 3 ],
            "h_carry": [ 8 ],
            "h_sum": [ 9 ]
          }
        },
        "h2": {
          "hide_name": 0,
          "type": "half_adder",
          "parameters": {
          },
          "attributes": {
            "module_not_derived": "00000000000000000000000000000001",
            "src": "/mnt/c/Users/Gupta/Desktop/vlsi/delay_predictor/Dataset/modules/discarded/g2HA_adder.v:22.12-27.16"
          },
          "port_directions": {
            "h_a": "input",
            "h_b": "input",
            "h_carry": "output",
            "h_sum": "output"
          },
          "connections": {
            "h_a": [ 9 ],
            "h_b": [ 4 ],
            "h_carry": [ 7 ],
            "h_sum": [ 5 ]
          }
        }
      },
      "netnames": {
        "i_a": {
          "hide_name": 0,
          "bits": [ 2 ],
          "attributes": {
            "src": "/mnt/c/Users/Gupta/Desktop/vlsi/delay_predictor/Dataset/modules/discarded/g2HA_adder.v:12.8-12.11"
          }
        },
        "i_b": {
          "hide_name": 0,
          "bits": [ 3 ],
          "attributes": {
            "src": "/mnt/c/Users/Gupta/Desktop/vlsi/delay_predictor/Dataset/modules/discarded/g2HA_adder.v:12.13-12.16"
          }
        },
        "i_cin": {
          "hide_name": 0,
          "bits": [ 4 ],
          "attributes": {
            "src": "/mnt/c/Users/Gupta/Desktop/vlsi/delay_predictor/Dataset/modules/discarded/g2HA_adder.v:12.18-12.23"
          }
        },
        "o_carry": {
          "hide_name": 0,
          "bits": [ 6 ],
          "attributes": {
            "src": "/mnt/c/Users/Gupta/Desktop/vlsi/delay_predictor/Dataset/modules/discarded/g2HA_adder.v:13.15-13.22"
          }
        },
        "o_sum": {
          "hide_name": 0,
          "bits": [ 5 ],
          "attributes": {
            "src": "/mnt/c/Users/Gupta/Desktop/vlsi/delay_predictor/Dataset/modules/discarded/g2HA_adder.v:13.8-13.13"
          }
        },
        "w_carry1": {
          "hide_name": 0,
          "bits": [ 8 ],
          "attributes": {
            "src": "/mnt/c/Users/Gupta/Desktop/vlsi/delay_predictor/Dataset/modules/discarded/g2HA_adder.v:14.16-14.24"
          }
        },
        "w_carry2": {
          "hide_name": 0,
          "bits": [ 7 ],
          "attributes": {
            "src": "/mnt/c/Users/Gupta/Desktop/vlsi/delay_predictor/Dataset/modules/discarded/g2HA_adder.v:14.26-14.34"
          }
        },
        "w_sum1": {
          "hide_name": 0,
          "bits": [ 9 ],
          "attributes": {
            "src": "/mnt/c/Users/Gupta/Desktop/vlsi/delay_predictor/Dataset/modules/discarded/g2HA_adder.v:14.8-14.14"
          }
        }
      }
    },
    "half_adder": {
      "attributes": {
        "src": "/mnt/c/Users/Gupta/Desktop/vlsi/delay_predictor/Dataset/modules/discarded/g2HA_adder.v:35.1-54.10"
      },
      "ports": {
        "h_a": {
          "direction": "input",
          "bits": [ 2 ]
        },
        "h_b": {
          "direction": "input",
          "bits": [ 3 ]
        },
        "h_sum": {
          "direction": "output",
          "bits": [ 4 ]
        },
        "h_carry": {
          "direction": "output",
          "bits": [ 5 ]
        }
      },
      "cells": {
        "$abc$91$auto$blifparse.cc:386:parse_blif$92": {
          "hide_name": 1,
          "type": "AND2_X1",
          "parameters": {
          },
          "attributes": {
          },
          "connections": {
            "A1": [ 3 ],
            "A2": [ 2 ],
            "ZN": [ 5 ]
          }
        },
        "$abc$91$auto$blifparse.cc:386:parse_blif$93": {
          "hide_name": 1,
          "type": "XOR2_X1",
          "parameters": {
          },
          "attributes": {
          },
          "connections": {
            "A": [ 3 ],
            "B": [ 2 ],
            "Z": [ 4 ]
          }
        }
      },
      "netnames": {
        "h_a": {
          "hide_name": 0,
          "bits": [ 2 ],
          "attributes": {
            "src": "/mnt/c/Users/Gupta/Desktop/vlsi/delay_predictor/Dataset/modules/discarded/g2HA_adder.v:44.8-44.11"
          }
        },
        "h_b": {
          "hide_name": 0,
          "bits": [ 3 ],
          "attributes": {
            "src": "/mnt/c/Users/Gupta/Desktop/vlsi/delay_predictor/Dataset/modules/discarded/g2HA_adder.v:45.8-45.11"
          }
        },
        "h_carry": {
          "hide_name": 0,
          "bits": [ 5 ],
          "attributes": {
            "src": "/mnt/c/Users/Gupta/Desktop/vlsi/delay_predictor/Dataset/modules/discarded/g2HA_adder.v:47.8-47.15"
          }
        },
        "h_sum": {
          "hide_name": 0,
          "bits": [ 4 ],
          "attributes": {
            "src": "/mnt/c/Users/Gupta/Desktop/vlsi/delay_predictor/Dataset/modules/discarded/g2HA_adder.v:46.8-46.13"
          }
        }
      }
    }
  }
}
