{
  "creator": "Yosys 0.33 (git sha1 2584903a060)",
  "modules": {
    "linear_search": {
      "attributes": {
        "top": "00000000000000000000000000000001",
        "src": "/mnt/c/Users/Gupta/Desktop/vlsi/delay_predictor/Dataset/modules/discarded/linear_search.v:2.1-40.10"
      },
      "ports": {
        "clk": {
          "direction": "input",
          "bits": [ 2 ]
        },
        "rst": {
          "direction": "input",
          "bits": [ 3 ]
        },
        "start": {
          "direction": "input",
          "bits": [ 4 ]
        },
        "target": {
          "direction": "input",
          "bits": [ 5, 6, 7, 8, 9, 10, 11, 12 ]
        },
        "found": {
          "direction": "output",
          "bits": [ 13 ]
        },
        "index": {
          "direction": "output",
          "bits": [ 14, 15, 16 ]
        }
      },
      "cells": {
        "$abc$400$auto$blifparse.cc:386:parse_blif$401": {
          "hide_name": 1,
          "type": "INV_X1",
          "parameters": {
          },
          "attributes": {
          },
          "connections": {
            "A": [ 13 ],
            "ZN": [ 17 ]
          }
        },
        "$abc$400$auto$blifparse.cc:386:parse_blif$402": {
          "hide_name": 1,
          "type": "INV_X1",
          "parameters": {
          },
          "attributes": {
          },
          "connections": {
            "A": [ 5 ],
            "ZN": [ 18 ]
          }
        },
        "$abc$400$auto$blifparse.cc:386:parse_blif$403": {
          "hide_name": 1,
          "type": "INV_X1",
          "parameters": {
          },
          "attributes": {
          },
          "connections": {
            "A": [ 19 ],
            "ZN": [ 20 ]
          }
        },
        "$abc$400$auto$blifparse.cc:386:parse_blif$404": {
          "hide_name": 1,
          "type": "INV_X1",
          "parameters": {
          },
          "attributes": {
          },
          "connections": {
            "A": [ 8 ],
            "ZN": [ 21 ]
          }
        },
        "$abc$400$auto$blifparse.cc:386:parse_blif$405": {
          "hide_name": 1,
          "type": "INV_X1",
          "parameters": {
          },
          "attributes": {
          },
          "connections": {
            "A": [ 3 ],
            "ZN": [ 22 ]
          }
        },
        "$abc$400$auto$blifparse.cc:386:parse_blif$406": {
          "hide_name": 1,
          "type": "INV_X1",
          "parameters": {
          },
          "attributes": {
          },
          "connections": {
            "A": [ 23 ],
            "ZN": [ 24 ]
          }
        },
        "$abc$400$auto$blifparse.cc:386:parse_blif$407": {
          "hide_name": 1,
          "type": "NOR2_X1",
          "parameters": {
          },
          "attributes": {
          },
          "connections": {
            "A1": [ 18 ],
            "A2": [ 25 ],
            "ZN": [ 26 ]
          }
        },
        "$abc$400$auto$blifparse.cc:386:parse_blif$408": {
          "hide_name": 1,
          "type": "OAI22_X1",
          "parameters": {
          },
          "attributes": {
          },
          "connections": {
            "A1": [ 7 ],
            "A2": [ 20 ],
            "B1": [ 21 ],
            "B2": [ 27 ],
            "ZN": [ 28 ]
          }
        },
        "$abc$400$auto$blifparse.cc:386:parse_blif$409": {
          "hide_name": 1,
          "type": "AOI211_X1",
          "parameters": {
          },
          "attributes": {
          },
          "connections": {
            "A": [ 26 ],
            "B": [ 28 ],
            "C1": [ 21 ],
            "C2": [ 27 ],
            "ZN": [ 29 ]
          }
        },
        "$abc$400$auto$blifparse.cc:386:parse_blif$410": {
          "hide_name": 1,
          "type": "XOR2_X1",
          "parameters": {
          },
          "attributes": {
          },
          "connections": {
            "A": [ 9 ],
            "B": [ 30 ],
            "Z": [ 31 ]
          }
        },
        "$abc$400$auto$blifparse.cc:386:parse_blif$411": {
          "hide_name": 1,
          "type": "AOI221_X1",
          "parameters": {
          },
          "attributes": {
          },
          "connections": {
            "A": [ 31 ],
            "B1": [ 20 ],
            "B2": [ 7 ],
            "C1": [ 18 ],
            "C2": [ 25 ],
            "ZN": [ 32 ]
          }
        },
        "$abc$400$auto$blifparse.cc:386:parse_blif$412": {
          "hide_name": 1,
          "type": "XOR2_X1",
          "parameters": {
          },
          "attributes": {
          },
          "connections": {
            "A": [ 6 ],
            "B": [ 33 ],
            "Z": [ 34 ]
          }
        },
        "$abc$400$auto$blifparse.cc:386:parse_blif$413": {
          "hide_name": 1,
          "type": "NOR4_X1",
          "parameters": {
          },
          "attributes": {
          },
          "connections": {
            "A1": [ 10 ],
            "A2": [ 12 ],
            "A3": [ 11 ],
            "A4": [ 34 ],
            "ZN": [ 35 ]
          }
        },
        "$abc$400$auto$blifparse.cc:386:parse_blif$414": {
          "hide_name": 1,
          "type": "AND2_X1",
          "parameters": {
          },
          "attributes": {
          },
          "connections": {
            "A1": [ 32 ],
            "A2": [ 35 ],
            "ZN": [ 36 ]
          }
        },
        "$abc$400$auto$blifparse.cc:386:parse_blif$415": {
          "hide_name": 1,
          "type": "NAND2_X1",
          "parameters": {
          },
          "attributes": {
          },
          "connections": {
            "A1": [ 17 ],
            "A2": [ 4 ],
            "ZN": [ 37 ]
          }
        },
        "$abc$400$auto$blifparse.cc:386:parse_blif$416": {
          "hide_name": 1,
          "type": "AOI21_X1",
          "parameters": {
          },
          "attributes": {
          },
          "connections": {
            "A": [ 37 ],
            "B1": [ 36 ],
            "B2": [ 29 ],
            "ZN": [ 38 ]
          }
        },
        "$abc$400$auto$blifparse.cc:386:parse_blif$417": {
          "hide_name": 1,
          "type": "XOR2_X1",
          "parameters": {
          },
          "attributes": {
          },
          "connections": {
            "A": [ 39 ],
            "B": [ 38 ],
            "Z": [ 40 ]
          }
        },
        "$abc$400$auto$blifparse.cc:386:parse_blif$418": {
          "hide_name": 1,
          "type": "NOR2_X1",
          "parameters": {
          },
          "attributes": {
          },
          "connections": {
            "A1": [ 3 ],
            "A2": [ 40 ],
            "ZN": [ 41 ]
          }
        },
        "$abc$400$auto$blifparse.cc:386:parse_blif$419": {
          "hide_name": 1,
          "type": "AND3_X1",
          "parameters": {
          },
          "attributes": {
          },
          "connections": {
            "A1": [ 42 ],
            "A2": [ 43 ],
            "A3": [ 38 ],
            "ZN": [ 44 ]
          }
        },
        "$abc$400$auto$blifparse.cc:386:parse_blif$420": {
          "hide_name": 1,
          "type": "AOI21_X1",
          "parameters": {
          },
          "attributes": {
          },
          "connections": {
            "A": [ 42 ],
            "B1": [ 43 ],
            "B2": [ 38 ],
            "ZN": [ 45 ]
          }
        },
        "$abc$400$auto$blifparse.cc:386:parse_blif$421": {
          "hide_name": 1,
          "type": "OR3_X1",
          "parameters": {
          },
          "attributes": {
          },
          "connections": {
            "A1": [ 3 ],
            "A2": [ 44 ],
            "A3": [ 45 ],
            "ZN": [ 46 ]
          }
        },
        "$abc$400$auto$blifparse.cc:386:parse_blif$422": {
          "hide_name": 1,
          "type": "INV_X1",
          "parameters": {
          },
          "attributes": {
          },
          "connections": {
            "A": [ 46 ],
            "ZN": [ 47 ]
          }
        },
        "$abc$400$auto$blifparse.cc:386:parse_blif$423": {
          "hide_name": 1,
          "type": "NAND2_X1",
          "parameters": {
          },
          "attributes": {
          },
          "connections": {
            "A1": [ 42 ],
            "A2": [ 43 ],
            "ZN": [ 48 ]
          }
        },
        "$abc$400$auto$blifparse.cc:386:parse_blif$424": {
          "hide_name": 1,
          "type": "XNOR2_X1",
          "parameters": {
          },
          "attributes": {
          },
          "connections": {
            "A": [ 24 ],
            "B": [ 48 ],
            "ZN": [ 49 ]
          }
        },
        "$abc$400$auto$blifparse.cc:386:parse_blif$425": {
          "hide_name": 1,
          "type": "MUX2_X1",
          "parameters": {
          },
          "attributes": {
          },
          "connections": {
            "A": [ 24 ],
            "B": [ 49 ],
            "S": [ 38 ],
            "Z": [ 50 ]
          }
        },
        "$abc$400$auto$blifparse.cc:386:parse_blif$426": {
          "hide_name": 1,
          "type": "AND2_X1",
          "parameters": {
          },
          "attributes": {
          },
          "connections": {
            "A1": [ 22 ],
            "A2": [ 50 ],
            "ZN": [ 51 ]
          }
        },
        "$abc$400$auto$blifparse.cc:386:parse_blif$427": {
          "hide_name": 1,
          "type": "NAND2_X1",
          "parameters": {
          },
          "attributes": {
          },
          "connections": {
            "A1": [ 22 ],
            "A2": [ 50 ],
            "ZN": [ 52 ]
          }
        },
        "$abc$400$auto$blifparse.cc:386:parse_blif$428": {
          "hide_name": 1,
          "type": "AOI211_X1",
          "parameters": {
          },
          "attributes": {
          },
          "connections": {
            "A": [ 3 ],
            "B": [ 40 ],
            "C1": [ 47 ],
            "C2": [ 52 ],
            "ZN": [ 53 ]
          }
        },
        "$abc$400$auto$blifparse.cc:386:parse_blif$429": {
          "hide_name": 1,
          "type": "OAI21_X1",
          "parameters": {
          },
          "attributes": {
          },
          "connections": {
            "A": [ 41 ],
            "B1": [ 46 ],
            "B2": [ 51 ],
            "ZN": [ 54 ]
          }
        },
        "$abc$400$auto$blifparse.cc:386:parse_blif$430": {
          "hide_name": 1,
          "type": "NAND3_X1",
          "parameters": {
          },
          "attributes": {
          },
          "connections": {
            "A1": [ 22 ],
            "A2": [ 40 ],
            "A3": [ 50 ],
            "ZN": [ 55 ]
          }
        },
        "$abc$400$auto$blifparse.cc:386:parse_blif$431": {
          "hide_name": 1,
          "type": "NAND2_X1",
          "parameters": {
          },
          "attributes": {
          },
          "connections": {
            "A1": [ 46 ],
            "A2": [ 55 ],
            "ZN": [ 56 ]
          }
        },
        "$abc$400$auto$blifparse.cc:386:parse_blif$432": {
          "hide_name": 1,
          "type": "OR4_X1",
          "parameters": {
          },
          "attributes": {
          },
          "connections": {
            "A1": [ 3 ],
            "A2": [ 40 ],
            "A3": [ 44 ],
            "A4": [ 45 ],
            "ZN": [ 57 ]
          }
        },
        "$abc$400$auto$blifparse.cc:386:parse_blif$433": {
          "hide_name": 1,
          "type": "OAI22_X1",
          "parameters": {
          },
          "attributes": {
          },
          "connections": {
            "A1": [ 46 ],
            "A2": [ 55 ],
            "B1": [ 57 ],
            "B2": [ 51 ],
            "ZN": [ 58 ]
          }
        },
        "$abc$400$auto$blifparse.cc:386:parse_blif$434": {
          "hide_name": 1,
          "type": "NAND2_X1",
          "parameters": {
          },
          "attributes": {
          },
          "connections": {
            "A1": [ 51 ],
            "A2": [ 57 ],
            "ZN": [ 59 ]
          }
        },
        "$abc$400$auto$blifparse.cc:386:parse_blif$435": {
          "hide_name": 1,
          "type": "NAND4_X1",
          "parameters": {
          },
          "attributes": {
          },
          "connections": {
            "A1": [ 17 ],
            "A2": [ 4 ],
            "A3": [ 29 ],
            "A4": [ 36 ],
            "ZN": [ 60 ]
          }
        },
        "$abc$400$auto$blifparse.cc:386:parse_blif$436": {
          "hide_name": 1,
          "type": "AOI21_X1",
          "parameters": {
          },
          "attributes": {
          },
          "connections": {
            "A": [ 3 ],
            "B1": [ 60 ],
            "B2": [ 17 ],
            "ZN": [ 61 ]
          }
        },
        "$abc$400$auto$blifparse.cc:386:parse_blif$437": {
          "hide_name": 1,
          "type": "MUX2_X1",
          "parameters": {
          },
          "attributes": {
          },
          "connections": {
            "A": [ 43 ],
            "B": [ 14 ],
            "S": [ 60 ],
            "Z": [ 62 ]
          }
        },
        "$abc$400$auto$blifparse.cc:386:parse_blif$438": {
          "hide_name": 1,
          "type": "AND2_X1",
          "parameters": {
          },
          "attributes": {
          },
          "connections": {
            "A1": [ 22 ],
            "A2": [ 62 ],
            "ZN": [ 63 ]
          }
        },
        "$abc$400$auto$blifparse.cc:386:parse_blif$439": {
          "hide_name": 1,
          "type": "MUX2_X1",
          "parameters": {
          },
          "attributes": {
          },
          "connections": {
            "A": [ 42 ],
            "B": [ 15 ],
            "S": [ 60 ],
            "Z": [ 64 ]
          }
        },
        "$abc$400$auto$blifparse.cc:386:parse_blif$440": {
          "hide_name": 1,
          "type": "AND2_X1",
          "parameters": {
          },
          "attributes": {
          },
          "connections": {
            "A1": [ 22 ],
            "A2": [ 64 ],
            "ZN": [ 65 ]
          }
        },
        "$abc$400$auto$blifparse.cc:386:parse_blif$441": {
          "hide_name": 1,
          "type": "MUX2_X1",
          "parameters": {
          },
          "attributes": {
          },
          "connections": {
            "A": [ 66 ],
            "B": [ 16 ],
            "S": [ 60 ],
            "Z": [ 67 ]
          }
        },
        "$abc$400$auto$blifparse.cc:386:parse_blif$442": {
          "hide_name": 1,
          "type": "AND2_X1",
          "parameters": {
          },
          "attributes": {
          },
          "connections": {
            "A1": [ 22 ],
            "A2": [ 67 ],
            "ZN": [ 68 ]
          }
        },
        "$abc$400$auto$blifparse.cc:386:parse_blif$443": {
          "hide_name": 1,
          "type": "MUX2_X1",
          "parameters": {
          },
          "attributes": {
          },
          "connections": {
            "A": [ 43 ],
            "B": [ 39 ],
            "S": [ 38 ],
            "Z": [ 69 ]
          }
        },
        "$abc$400$auto$blifparse.cc:386:parse_blif$444": {
          "hide_name": 1,
          "type": "AND2_X1",
          "parameters": {
          },
          "attributes": {
          },
          "connections": {
            "A1": [ 22 ],
            "A2": [ 69 ],
            "ZN": [ 70 ]
          }
        },
        "$abc$400$auto$blifparse.cc:386:parse_blif$445": {
          "hide_name": 1,
          "type": "MUX2_X1",
          "parameters": {
          },
          "attributes": {
          },
          "connections": {
            "A": [ 66 ],
            "B": [ 49 ],
            "S": [ 38 ],
            "Z": [ 71 ]
          }
        },
        "$abc$400$auto$blifparse.cc:386:parse_blif$446": {
          "hide_name": 1,
          "type": "AND2_X1",
          "parameters": {
          },
          "attributes": {
          },
          "connections": {
            "A1": [ 22 ],
            "A2": [ 71 ],
            "ZN": [ 72 ]
          }
        },
        "$auto$ff.cc:266:slice$245": {
          "hide_name": 1,
          "type": "DFF_X1",
          "parameters": {
          },
          "attributes": {
          },
          "connections": {
            "CK": [ 2 ],
            "D": [ 54 ],
            "Q": [ 25 ],
            "QN": [ 73 ]
          }
        },
        "$auto$ff.cc:266:slice$246": {
          "hide_name": 1,
          "type": "DFF_X1",
          "parameters": {
          },
          "attributes": {
          },
          "connections": {
            "CK": [ 2 ],
            "D": [ 56 ],
            "Q": [ 33 ],
            "QN": [ 74 ]
          }
        },
        "$auto$ff.cc:266:slice$247": {
          "hide_name": 1,
          "type": "DFF_X1",
          "parameters": {
          },
          "attributes": {
          },
          "connections": {
            "CK": [ 2 ],
            "D": [ 53 ],
            "Q": [ 27 ],
            "QN": [ 75 ]
          }
        },
        "$auto$ff.cc:266:slice$248": {
          "hide_name": 1,
          "type": "DFF_X1",
          "parameters": {
          },
          "attributes": {
          },
          "connections": {
            "CK": [ 2 ],
            "D": [ 58 ],
            "Q": [ 30 ],
            "QN": [ 76 ]
          }
        },
        "$auto$ff.cc:266:slice$258": {
          "hide_name": 1,
          "type": "DFF_X1",
          "parameters": {
          },
          "attributes": {
          },
          "connections": {
            "CK": [ 2 ],
            "D": [ 59 ],
            "Q": [ 19 ],
            "QN": [ 77 ]
          }
        },
        "$auto$ff.cc:266:slice$265": {
          "hide_name": 1,
          "type": "DFF_X1",
          "parameters": {
          },
          "attributes": {
            "src": "/mnt/c/Users/Gupta/Desktop/vlsi/delay_predictor/Dataset/modules/discarded/linear_search.v:26.5-39.8"
          },
          "connections": {
            "CK": [ 2 ],
            "D": [ 61 ],
            "Q": [ 13 ],
            "QN": [ 78 ]
          }
        },
        "$auto$ff.cc:266:slice$266": {
          "hide_name": 1,
          "type": "DFF_X1",
          "parameters": {
          },
          "attributes": {
            "src": "/mnt/c/Users/Gupta/Desktop/vlsi/delay_predictor/Dataset/modules/discarded/linear_search.v:26.5-39.8"
          },
          "connections": {
            "CK": [ 2 ],
            "D": [ 63 ],
            "Q": [ 14 ],
            "QN": [ 79 ]
          }
        },
        "$auto$ff.cc:266:slice$267": {
          "hide_name": 1,
          "type": "DFF_X1",
          "parameters": {
          },
          "attributes": {
            "src": "/mnt/c/Users/Gupta/Desktop/vlsi/delay_predictor/Dataset/modules/discarded/linear_search.v:26.5-39.8"
          },
          "connections": {
            "CK": [ 2 ],
            "D": [ 65 ],
            "Q": [ 15 ],
            "QN": [ 80 ]
          }
        },
        "$auto$ff.cc:266:slice$268": {
          "hide_name": 1,
          "type": "DFF_X1",
          "parameters": {
          },
          "attributes": {
            "src": "/mnt/c/Users/Gupta/Desktop/vlsi/delay_predictor/Dataset/modules/discarded/linear_search.v:26.5-39.8"
          },
          "connections": {
            "CK": [ 2 ],
            "D": [ 68 ],
            "Q": [ 16 ],
            "QN": [ 81 ]
          }
        },
        "$auto$ff.cc:266:slice$269": {
          "hide_name": 1,
          "type": "DFF_X1",
          "parameters": {
          },
          "attributes": {
            "src": "/mnt/c/Users/Gupta/Desktop/vlsi/delay_predictor/Dataset/modules/discarded/linear_search.v:26.5-39.8"
          },
          "connections": {
            "CK": [ 2 ],
            "D": [ 70 ],
            "Q": [ 43 ],
            "QN": [ 39 ]
          }
        },
        "$auto$ff.cc:266:slice$270": {
          "hide_name": 1,
          "type": "DFF_X1",
          "parameters": {
          },
          "attributes": {
            "src": "/mnt/c/Users/Gupta/Desktop/vlsi/delay_predictor/Dataset/modules/discarded/linear_search.v:26.5-39.8"
          },
          "connections": {
            "CK": [ 2 ],
            "D": [ 47 ],
            "Q": [ 42 ],
            "QN": [ 82 ]
          }
        },
        "$auto$ff.cc:266:slice$271": {
          "hide_name": 1,
          "type": "DFF_X1",
          "parameters": {
          },
          "attributes": {
            "src": "/mnt/c/Users/Gupta/Desktop/vlsi/delay_predictor/Dataset/modules/discarded/linear_search.v:26.5-39.8"
          },
          "connections": {
            "CK": [ 2 ],
            "D": [ 72 ],
            "Q": [ 66 ],
            "QN": [ 23 ]
          }
        }
      },
      "netnames": {
        "$\\array$rdreg[0]$d": {
          "hide_name": 1,
          "bits": [ 54, 56, 83, 53, 58 ],
          "attributes": {
            "unused_bits": "2"
          }
        },
        "$abc$316$memrd$\\array$/mnt/c/Users/Gupta/Desktop/vlsi/delay_predictor/Dataset/modules/discarded/linear_search.v:32$14_DATA[0]": {
          "hide_name": 1,
          "bits": [ 25 ],
          "attributes": {
            "src": "/mnt/c/Users/Gupta/Desktop/vlsi/delay_predictor/Dataset/modules/discarded/linear_search.v:32.17-32.22"
          }
        },
        "$abc$316$memrd$\\array$/mnt/c/Users/Gupta/Desktop/vlsi/delay_predictor/Dataset/modules/discarded/linear_search.v:32$14_DATA[1]": {
          "hide_name": 1,
          "bits": [ 33 ],
          "attributes": {
            "src": "/mnt/c/Users/Gupta/Desktop/vlsi/delay_predictor/Dataset/modules/discarded/linear_search.v:32.17-32.22"
          }
        },
        "$abc$316$memrd$\\array$/mnt/c/Users/Gupta/Desktop/vlsi/delay_predictor/Dataset/modules/discarded/linear_search.v:32$14_DATA[2]": {
          "hide_name": 1,
          "bits": [ 19 ],
          "attributes": {
            "src": "/mnt/c/Users/Gupta/Desktop/vlsi/delay_predictor/Dataset/modules/discarded/linear_search.v:32.17-32.22"
          }
        },
        "$abc$316$memrd$\\array$/mnt/c/Users/Gupta/Desktop/vlsi/delay_predictor/Dataset/modules/discarded/linear_search.v:32$14_DATA[3]": {
          "hide_name": 1,
          "bits": [ 27 ],
          "attributes": {
            "src": "/mnt/c/Users/Gupta/Desktop/vlsi/delay_predictor/Dataset/modules/discarded/linear_search.v:32.17-32.22"
          }
        },
        "$abc$316$memrd$\\array$/mnt/c/Users/Gupta/Desktop/vlsi/delay_predictor/Dataset/modules/discarded/linear_search.v:32$14_DATA[4]": {
          "hide_name": 1,
          "bits": [ 30 ],
          "attributes": {
            "src": "/mnt/c/Users/Gupta/Desktop/vlsi/delay_predictor/Dataset/modules/discarded/linear_search.v:32.17-32.22"
          }
        },
        "$abc$316$new_n55_": {
          "hide_name": 1,
          "bits": [ 23 ],
          "attributes": {
          }
        },
        "$abc$400$auto$rtlil.cc:2609:MuxGate$357": {
          "hide_name": 1,
          "bits": [ 59 ],
          "attributes": {
          }
        },
        "$abc$400$auto$rtlil.cc:2609:MuxGate$361": {
          "hide_name": 1,
          "bits": [ 61 ],
          "attributes": {
          }
        },
        "$abc$400$auto$rtlil.cc:2609:MuxGate$365": {
          "hide_name": 1,
          "bits": [ 63 ],
          "attributes": {
          }
        },
        "$abc$400$auto$rtlil.cc:2609:MuxGate$369": {
          "hide_name": 1,
          "bits": [ 65 ],
          "attributes": {
          }
        },
        "$abc$400$auto$rtlil.cc:2609:MuxGate$373": {
          "hide_name": 1,
          "bits": [ 68 ],
          "attributes": {
          }
        },
        "$abc$400$auto$rtlil.cc:2609:MuxGate$377": {
          "hide_name": 1,
          "bits": [ 70 ],
          "attributes": {
          }
        },
        "$abc$400$auto$rtlil.cc:2609:MuxGate$381": {
          "hide_name": 1,
          "bits": [ 47 ],
          "attributes": {
          }
        },
        "$abc$400$auto$rtlil.cc:2609:MuxGate$385": {
          "hide_name": 1,
          "bits": [ 72 ],
          "attributes": {
          }
        },
        "$abc$400$new_n37_": {
          "hide_name": 1,
          "bits": [ 17 ],
          "attributes": {
          }
        },
        "$abc$400$new_n38_": {
          "hide_name": 1,
          "bits": [ 18 ],
          "attributes": {
          }
        },
        "$abc$400$new_n39_": {
          "hide_name": 1,
          "bits": [ 20 ],
          "attributes": {
          }
        },
        "$abc$400$new_n40_": {
          "hide_name": 1,
          "bits": [ 21 ],
          "attributes": {
          }
        },
        "$abc$400$new_n41_": {
          "hide_name": 1,
          "bits": [ 22 ],
          "attributes": {
          }
        },
        "$abc$400$new_n42_": {
          "hide_name": 1,
          "bits": [ 24 ],
          "attributes": {
          }
        },
        "$abc$400$new_n43_": {
          "hide_name": 1,
          "bits": [ 26 ],
          "attributes": {
          }
        },
        "$abc$400$new_n44_": {
          "hide_name": 1,
          "bits": [ 28 ],
          "attributes": {
          }
        },
        "$abc$400$new_n45_": {
          "hide_name": 1,
          "bits": [ 29 ],
          "attributes": {
          }
        },
        "$abc$400$new_n46_": {
          "hide_name": 1,
          "bits": [ 31 ],
          "attributes": {
          }
        },
        "$abc$400$new_n47_": {
          "hide_name": 1,
          "bits": [ 32 ],
          "attributes": {
          }
        },
        "$abc$400$new_n48_": {
          "hide_name": 1,
          "bits": [ 34 ],
          "attributes": {
          }
        },
        "$abc$400$new_n49_": {
          "hide_name": 1,
          "bits": [ 35 ],
          "attributes": {
          }
        },
        "$abc$400$new_n50_": {
          "hide_name": 1,
          "bits": [ 36 ],
          "attributes": {
          }
        },
        "$abc$400$new_n51_": {
          "hide_name": 1,
          "bits": [ 37 ],
          "attributes": {
          }
        },
        "$abc$400$new_n52_": {
          "hide_name": 1,
          "bits": [ 38 ],
          "attributes": {
          }
        },
        "$abc$400$new_n53_": {
          "hide_name": 1,
          "bits": [ 40 ],
          "attributes": {
          }
        },
        "$abc$400$new_n54_": {
          "hide_name": 1,
          "bits": [ 41 ],
          "attributes": {
          }
        },
        "$abc$400$new_n55_": {
          "hide_name": 1,
          "bits": [ 44 ],
          "attributes": {
          }
        },
        "$abc$400$new_n56_": {
          "hide_name": 1,
          "bits": [ 45 ],
          "attributes": {
          }
        },
        "$abc$400$new_n57_": {
          "hide_name": 1,
          "bits": [ 46 ],
          "attributes": {
          }
        },
        "$abc$400$new_n59_": {
          "hide_name": 1,
          "bits": [ 48 ],
          "attributes": {
          }
        },
        "$abc$400$new_n60_": {
          "hide_name": 1,
          "bits": [ 49 ],
          "attributes": {
          }
        },
        "$abc$400$new_n61_": {
          "hide_name": 1,
          "bits": [ 50 ],
          "attributes": {
          }
        },
        "$abc$400$new_n62_": {
          "hide_name": 1,
          "bits": [ 51 ],
          "attributes": {
          }
        },
        "$abc$400$new_n63_": {
          "hide_name": 1,
          "bits": [ 52 ],
          "attributes": {
          }
        },
        "$abc$400$new_n66_": {
          "hide_name": 1,
          "bits": [ 55 ],
          "attributes": {
          }
        },
        "$abc$400$new_n68_": {
          "hide_name": 1,
          "bits": [ 57 ],
          "attributes": {
          }
        },
        "$abc$400$new_n71_": {
          "hide_name": 1,
          "bits": [ 60 ],
          "attributes": {
          }
        },
        "$abc$400$new_n73_": {
          "hide_name": 1,
          "bits": [ 62 ],
          "attributes": {
          }
        },
        "$abc$400$new_n75_": {
          "hide_name": 1,
          "bits": [ 64 ],
          "attributes": {
          }
        },
        "$abc$400$new_n77_": {
          "hide_name": 1,
          "bits": [ 67 ],
          "attributes": {
          }
        },
        "$abc$400$new_n79_": {
          "hide_name": 1,
          "bits": [ 69 ],
          "attributes": {
          }
        },
        "$abc$400$new_n81_": {
          "hide_name": 1,
          "bits": [ 71 ],
          "attributes": {
          }
        },
        "$auto$alumacc.cc:485:replace_alu$82.X": {
          "hide_name": 1,
          "bits": [ 39, 42, 66 ],
          "attributes": {
            "force_downto": "00000000000000000000000000000001",
            "src": "/mnt/c/Users/Gupta/Desktop/vlsi/delay_predictor/Dataset/modules/discarded/linear_search.v:36.22-36.27|/usr/bin/../share/yosys/techmap.v:270.23-270.24"
          }
        },
        "$auto$dfflibmap.cc:381:dfflibmap$388": {
          "hide_name": 1,
          "bits": [ 82 ],
          "attributes": {
          }
        },
        "$auto$dfflibmap.cc:381:dfflibmap$391": {
          "hide_name": 1,
          "bits": [ 81 ],
          "attributes": {
          }
        },
        "$auto$dfflibmap.cc:381:dfflibmap$392": {
          "hide_name": 1,
          "bits": [ 80 ],
          "attributes": {
          }
        },
        "$auto$dfflibmap.cc:381:dfflibmap$393": {
          "hide_name": 1,
          "bits": [ 79 ],
          "attributes": {
          }
        },
        "$auto$dfflibmap.cc:381:dfflibmap$394": {
          "hide_name": 1,
          "bits": [ 78 ],
          "attributes": {
          }
        },
        "$auto$dfflibmap.cc:381:dfflibmap$395": {
          "hide_name": 1,
          "bits": [ 77 ],
          "attributes": {
          }
        },
        "$auto$dfflibmap.cc:381:dfflibmap$396": {
          "hide_name": 1,
          "bits": [ 76 ],
          "attributes": {
          }
        },
        "$auto$dfflibmap.cc:381:dfflibmap$397": {
          "hide_name": 1,
          "bits": [ 73 ],
          "attributes": {
          }
        },
        "$auto$dfflibmap.cc:381:dfflibmap$398": {
          "hide_name": 1,
          "bits": [ 74 ],
          "attributes": {
          }
        },
        "$auto$dfflibmap.cc:381:dfflibmap$399": {
          "hide_name": 1,
          "bits": [ 75 ],
          "attributes": {
          }
        },
        "clk": {
          "hide_name": 0,
          "bits": [ 2 ],
          "attributes": {
            "src": "/mnt/c/Users/Gupta/Desktop/vlsi/delay_predictor/Dataset/modules/discarded/linear_search.v:3.11-3.14"
          }
        },
        "found": {
          "hide_name": 0,
          "bits": [ 13 ],
          "attributes": {
            "src": "/mnt/c/Users/Gupta/Desktop/vlsi/delay_predictor/Dataset/modules/discarded/linear_search.v:7.16-7.21"
          }
        },
        "i": {
          "hide_name": 0,
          "bits": [ 43, 42, 66 ],
          "attributes": {
            "src": "/mnt/c/Users/Gupta/Desktop/vlsi/delay_predictor/Dataset/modules/discarded/linear_search.v:12.15-12.16"
          }
        },
        "index": {
          "hide_name": 0,
          "bits": [ 14, 15, 16 ],
          "attributes": {
            "src": "/mnt/c/Users/Gupta/Desktop/vlsi/delay_predictor/Dataset/modules/discarded/linear_search.v:8.22-8.27"
          }
        },
        "rst": {
          "hide_name": 0,
          "bits": [ 3 ],
          "attributes": {
            "src": "/mnt/c/Users/Gupta/Desktop/vlsi/delay_predictor/Dataset/modules/discarded/linear_search.v:4.11-4.14"
          }
        },
        "start": {
          "hide_name": 0,
          "bits": [ 4 ],
          "attributes": {
            "src": "/mnt/c/Users/Gupta/Desktop/vlsi/delay_predictor/Dataset/modules/discarded/linear_search.v:5.11-5.16"
          }
        },
        "target": {
          "hide_name": 0,
          "bits": [ 5, 6, 7, 8, 9, 10, 11, 12 ],
          "attributes": {
            "src": "/mnt/c/Users/Gupta/Desktop/vlsi/delay_predictor/Dataset/modules/discarded/linear_search.v:6.17-6.23"
          }
        }
      }
    }
  }
}
