{
  "creator": "Yosys 0.33 (git sha1 2584903a060)",
  "modules": {
    "MUX2T1_32": {
      "attributes": {
        "top": "00000000000000000000000000000001",
        "src": "/mnt/c/Users/Gupta/Desktop/vlsi/delay_predictor/Dataset/modules/discarded/MUX2T1_32.v:1.1-9.10"
      },
      "ports": {
        "I0": {
          "direction": "input",
          "bits": [ 2, 3, 4, 5, 6, 7, 8, 9, 10, 11, 12, 13, 14, 15, 16, 17, 18, 19, 20, 21, 22, 23, 24, 25, 26, 27, 28, 29, 30, 31, 32, 33 ]
        },
        "I1": {
          "direction": "input",
          "bits": [ 34, 35, 36, 37, 38, 39, 40, 41, 42, 43, 44, 45, 46, 47, 48, 49, 50, 51, 52, 53, 54, 55, 56, 57, 58, 59, 60, 61, 62, 63, 64, 65 ]
        },
        "s": {
          "direction": "input",
          "bits": [ 66 ]
        },
        "o": {
          "direction": "output",
          "bits": [ 67, 68, 69, 70, 71, 72, 73, 74, 75, 76, 77, 78, 79, 80, 81, 82, 83, 84, 85, 86, 87, 88, 89, 90, 91, 92, 93, 94, 95, 96, 97, 98 ]
        }
      },
      "cells": {
        "$abc$144$auto$blifparse.cc:386:parse_blif$145": {
          "hide_name": 1,
          "type": "MUX2_X1",
          "parameters": {
          },
          "attributes": {
          },
          "connections": {
            "A": [ 23 ],
            "B": [ 55 ],
            "S": [ 66 ],
            "Z": [ 88 ]
          }
        },
        "$abc$144$auto$blifparse.cc:386:parse_blif$146": {
          "hide_name": 1,
          "type": "MUX2_X1",
          "parameters": {
          },
          "attributes": {
          },
          "connections": {
            "A": [ 24 ],
            "B": [ 56 ],
            "S": [ 66 ],
            "Z": [ 89 ]
          }
        },
        "$abc$144$auto$blifparse.cc:386:parse_blif$147": {
          "hide_name": 1,
          "type": "MUX2_X1",
          "parameters": {
          },
          "attributes": {
          },
          "connections": {
            "A": [ 25 ],
            "B": [ 57 ],
            "S": [ 66 ],
            "Z": [ 90 ]
          }
        },
        "$abc$144$auto$blifparse.cc:386:parse_blif$148": {
          "hide_name": 1,
          "type": "MUX2_X1",
          "parameters": {
          },
          "attributes": {
          },
          "connections": {
            "A": [ 26 ],
            "B": [ 58 ],
            "S": [ 66 ],
            "Z": [ 91 ]
          }
        },
        "$abc$144$auto$blifparse.cc:386:parse_blif$149": {
          "hide_name": 1,
          "type": "MUX2_X1",
          "parameters": {
          },
          "attributes": {
          },
          "connections": {
            "A": [ 27 ],
            "B": [ 59 ],
            "S": [ 66 ],
            "Z": [ 92 ]
          }
        },
        "$abc$144$auto$blifparse.cc:386:parse_blif$150": {
          "hide_name": 1,
          "type": "MUX2_X1",
          "parameters": {
          },
          "attributes": {
          },
          "connections": {
            "A": [ 28 ],
            "B": [ 60 ],
            "S": [ 66 ],
            "Z": [ 93 ]
          }
        },
        "$abc$144$auto$blifparse.cc:386:parse_blif$151": {
          "hide_name": 1,
          "type": "MUX2_X1",
          "parameters": {
          },
          "attributes": {
          },
          "connections": {
            "A": [ 29 ],
            "B": [ 61 ],
            "S": [ 66 ],
            "Z": [ 94 ]
          }
        },
        "$abc$144$auto$blifparse.cc:386:parse_blif$152": {
          "hide_name": 1,
          "type": "MUX2_X1",
          "parameters": {
          },
          "attributes": {
          },
          "connections": {
            "A": [ 30 ],
            "B": [ 62 ],
            "S": [ 66 ],
            "Z": [ 95 ]
          }
        },
        "$abc$144$auto$blifparse.cc:386:parse_blif$153": {
          "hide_name": 1,
          "type": "MUX2_X1",
          "parameters": {
          },
          "attributes": {
          },
          "connections": {
            "A": [ 31 ],
            "B": [ 63 ],
            "S": [ 66 ],
            "Z": [ 96 ]
          }
        },
        "$abc$144$auto$blifparse.cc:386:parse_blif$154": {
          "hide_name": 1,
          "type": "MUX2_X1",
          "parameters": {
          },
          "attributes": {
          },
          "connections": {
            "A": [ 32 ],
            "B": [ 64 ],
            "S": [ 66 ],
            "Z": [ 97 ]
          }
        },
        "$abc$144$auto$blifparse.cc:386:parse_blif$155": {
          "hide_name": 1,
          "type": "MUX2_X1",
          "parameters": {
          },
          "attributes": {
          },
          "connections": {
            "A": [ 33 ],
            "B": [ 65 ],
            "S": [ 66 ],
            "Z": [ 98 ]
          }
        },
        "$abc$144$auto$blifparse.cc:386:parse_blif$156": {
          "hide_name": 1,
          "type": "MUX2_X1",
          "parameters": {
          },
          "attributes": {
          },
          "connections": {
            "A": [ 2 ],
            "B": [ 34 ],
            "S": [ 66 ],
            "Z": [ 67 ]
          }
        },
        "$abc$144$auto$blifparse.cc:386:parse_blif$157": {
          "hide_name": 1,
          "type": "MUX2_X1",
          "parameters": {
          },
          "attributes": {
          },
          "connections": {
            "A": [ 3 ],
            "B": [ 35 ],
            "S": [ 66 ],
            "Z": [ 68 ]
          }
        },
        "$abc$144$auto$blifparse.cc:386:parse_blif$158": {
          "hide_name": 1,
          "type": "MUX2_X1",
          "parameters": {
          },
          "attributes": {
          },
          "connections": {
            "A": [ 4 ],
            "B": [ 36 ],
            "S": [ 66 ],
            "Z": [ 69 ]
          }
        },
        "$abc$144$auto$blifparse.cc:386:parse_blif$159": {
          "hide_name": 1,
          "type": "MUX2_X1",
          "parameters": {
          },
          "attributes": {
          },
          "connections": {
            "A": [ 5 ],
            "B": [ 37 ],
            "S": [ 66 ],
            "Z": [ 70 ]
          }
        },
        "$abc$144$auto$blifparse.cc:386:parse_blif$160": {
          "hide_name": 1,
          "type": "MUX2_X1",
          "parameters": {
          },
          "attributes": {
          },
          "connections": {
            "A": [ 6 ],
            "B": [ 38 ],
            "S": [ 66 ],
            "Z": [ 71 ]
          }
        },
        "$abc$144$auto$blifparse.cc:386:parse_blif$161": {
          "hide_name": 1,
          "type": "MUX2_X1",
          "parameters": {
          },
          "attributes": {
          },
          "connections": {
            "A": [ 7 ],
            "B": [ 39 ],
            "S": [ 66 ],
            "Z": [ 72 ]
          }
        },
        "$abc$144$auto$blifparse.cc:386:parse_blif$162": {
          "hide_name": 1,
          "type": "MUX2_X1",
          "parameters": {
          },
          "attributes": {
          },
          "connections": {
            "A": [ 8 ],
            "B": [ 40 ],
            "S": [ 66 ],
            "Z": [ 73 ]
          }
        },
        "$abc$144$auto$blifparse.cc:386:parse_blif$163": {
          "hide_name": 1,
          "type": "MUX2_X1",
          "parameters": {
          },
          "attributes": {
          },
          "connections": {
            "A": [ 9 ],
            "B": [ 41 ],
            "S": [ 66 ],
            "Z": [ 74 ]
          }
        },
        "$abc$144$auto$blifparse.cc:386:parse_blif$164": {
          "hide_name": 1,
          "type": "MUX2_X1",
          "parameters": {
          },
          "attributes": {
          },
          "connections": {
            "A": [ 10 ],
            "B": [ 42 ],
            "S": [ 66 ],
            "Z": [ 75 ]
          }
        },
        "$abc$144$auto$blifparse.cc:386:parse_blif$165": {
          "hide_name": 1,
          "type": "MUX2_X1",
          "parameters": {
          },
          "attributes": {
          },
          "connections": {
            "A": [ 11 ],
            "B": [ 43 ],
            "S": [ 66 ],
            "Z": [ 76 ]
          }
        },
        "$abc$144$auto$blifparse.cc:386:parse_blif$166": {
          "hide_name": 1,
          "type": "MUX2_X1",
          "parameters": {
          },
          "attributes": {
          },
          "connections": {
            "A": [ 12 ],
            "B": [ 44 ],
            "S": [ 66 ],
            "Z": [ 77 ]
          }
        },
        "$abc$144$auto$blifparse.cc:386:parse_blif$167": {
          "hide_name": 1,
          "type": "MUX2_X1",
          "parameters": {
          },
          "attributes": {
          },
          "connections": {
            "A": [ 13 ],
            "B": [ 45 ],
            "S": [ 66 ],
            "Z": [ 78 ]
          }
        },
        "$abc$144$auto$blifparse.cc:386:parse_blif$168": {
          "hide_name": 1,
          "type": "MUX2_X1",
          "parameters": {
          },
          "attributes": {
          },
          "connections": {
            "A": [ 14 ],
            "B": [ 46 ],
            "S": [ 66 ],
            "Z": [ 79 ]
          }
        },
        "$abc$144$auto$blifparse.cc:386:parse_blif$169": {
          "hide_name": 1,
          "type": "MUX2_X1",
          "parameters": {
          },
          "attributes": {
          },
          "connections": {
            "A": [ 15 ],
            "B": [ 47 ],
            "S": [ 66 ],
            "Z": [ 80 ]
          }
        },
        "$abc$144$auto$blifparse.cc:386:parse_blif$170": {
          "hide_name": 1,
          "type": "MUX2_X1",
          "parameters": {
          },
          "attributes": {
          },
          "connections": {
            "A": [ 16 ],
            "B": [ 48 ],
            "S": [ 66 ],
            "Z": [ 81 ]
          }
        },
        "$abc$144$auto$blifparse.cc:386:parse_blif$171": {
          "hide_name": 1,
          "type": "MUX2_X1",
          "parameters": {
          },
          "attributes": {
          },
          "connections": {
            "A": [ 17 ],
            "B": [ 49 ],
            "S": [ 66 ],
            "Z": [ 82 ]
          }
        },
        "$abc$144$auto$blifparse.cc:386:parse_blif$172": {
          "hide_name": 1,
          "type": "MUX2_X1",
          "parameters": {
          },
          "attributes": {
          },
          "connections": {
            "A": [ 18 ],
            "B": [ 50 ],
            "S": [ 66 ],
            "Z": [ 83 ]
          }
        },
        "$abc$144$auto$blifparse.cc:386:parse_blif$173": {
          "hide_name": 1,
          "type": "MUX2_X1",
          "parameters": {
          },
          "attributes": {
          },
          "connections": {
            "A": [ 19 ],
            "B": [ 51 ],
            "S": [ 66 ],
            "Z": [ 84 ]
          }
        },
        "$abc$144$auto$blifparse.cc:386:parse_blif$174": {
          "hide_name": 1,
          "type": "MUX2_X1",
          "parameters": {
          },
          "attributes": {
          },
          "connections": {
            "A": [ 20 ],
            "B": [ 52 ],
            "S": [ 66 ],
            "Z": [ 85 ]
          }
        },
        "$abc$144$auto$blifparse.cc:386:parse_blif$175": {
          "hide_name": 1,
          "type": "MUX2_X1",
          "parameters": {
          },
          "attributes": {
          },
          "connections": {
            "A": [ 21 ],
            "B": [ 53 ],
            "S": [ 66 ],
            "Z": [ 86 ]
          }
        },
        "$abc$144$auto$blifparse.cc:386:parse_blif$176": {
          "hide_name": 1,
          "type": "MUX2_X1",
          "parameters": {
          },
          "attributes": {
          },
          "connections": {
            "A": [ 22 ],
            "B": [ 54 ],
            "S": [ 66 ],
            "Z": [ 87 ]
          }
        }
      },
      "netnames": {
        "I0": {
          "hide_name": 0,
          "bits": [ 2, 3, 4, 5, 6, 7, 8, 9, 10, 11, 12, 13, 14, 15, 16, 17, 18, 19, 20, 21, 22, 23, 24, 25, 26, 27, 28, 29, 30, 31, 32, 33 ],
          "attributes": {
            "src": "/mnt/c/Users/Gupta/Desktop/vlsi/delay_predictor/Dataset/modules/discarded/MUX2T1_32.v:1.29-1.31"
          }
        },
        "I1": {
          "hide_name": 0,
          "bits": [ 34, 35, 36, 37, 38, 39, 40, 41, 42, 43, 44, 45, 46, 47, 48, 49, 50, 51, 52, 53, 54, 55, 56, 57, 58, 59, 60, 61, 62, 63, 64, 65 ],
          "attributes": {
            "src": "/mnt/c/Users/Gupta/Desktop/vlsi/delay_predictor/Dataset/modules/discarded/MUX2T1_32.v:2.12-2.14"
          }
        },
        "o": {
          "hide_name": 0,
          "bits": [ 67, 68, 69, 70, 71, 72, 73, 74, 75, 76, 77, 78, 79, 80, 81, 82, 83, 84, 85, 86, 87, 88, 89, 90, 91, 92, 93, 94, 95, 96, 97, 98 ],
          "attributes": {
            "src": "/mnt/c/Users/Gupta/Desktop/vlsi/delay_predictor/Dataset/modules/discarded/MUX2T1_32.v:4.13-4.14"
          }
        },
        "s": {
          "hide_name": 0,
          "bits": [ 66 ],
          "attributes": {
            "src": "/mnt/c/Users/Gupta/Desktop/vlsi/delay_predictor/Dataset/modules/discarded/MUX2T1_32.v:3.7-3.8"
          }
        }
      }
    }
  }
}
