{
  "creator": "Yosys 0.33 (git sha1 2584903a060)",
  "modules": {
    "struct_sub": {
      "attributes": {
        "top": "00000000000000000000000000000001",
        "src": "/mnt/c/Users/Gupta/Desktop/vlsi/delay_predictor/Dataset/modules/discarded/struct_sub.v:4.1-12.10"
      },
      "ports": {
        "a": {
          "direction": "input",
          "bits": [ 2 ]
        },
        "b": {
          "direction": "input",
          "bits": [ 3 ]
        },
        "diff": {
          "direction": "output",
          "bits": [ 4 ]
        },
        "borrow": {
          "direction": "output",
          "bits": [ 5 ]
        }
      },
      "cells": {
        "$abc$88$auto$blifparse.cc:386:parse_blif$89": {
          "hide_name": 1,
          "type": "INV_X1",
          "parameters": {
          },
          "attributes": {
          },
          "connections": {
            "A": [ 3 ],
            "ZN": [ 6 ]
          }
        },
        "$abc$88$auto$blifparse.cc:386:parse_blif$90": {
          "hide_name": 1,
          "type": "NOR2_X1",
          "parameters": {
          },
          "attributes": {
          },
          "connections": {
            "A1": [ 6 ],
            "A2": [ 2 ],
            "ZN": [ 5 ]
          }
        },
        "$abc$88$auto$blifparse.cc:386:parse_blif$91": {
          "hide_name": 1,
          "type": "XOR2_X1",
          "parameters": {
          },
          "attributes": {
          },
          "connections": {
            "A": [ 3 ],
            "B": [ 2 ],
            "Z": [ 4 ]
          }
        }
      },
      "netnames": {
        "$abc$88$new_n5_": {
          "hide_name": 1,
          "bits": [ 6 ],
          "attributes": {
          }
        },
        "a": {
          "hide_name": 0,
          "bits": [ 2 ],
          "attributes": {
            "src": "/mnt/c/Users/Gupta/Desktop/vlsi/delay_predictor/Dataset/modules/discarded/struct_sub.v:5.11-5.12"
          }
        },
        "b": {
          "hide_name": 0,
          "bits": [ 3 ],
          "attributes": {
            "src": "/mnt/c/Users/Gupta/Desktop/vlsi/delay_predictor/Dataset/modules/discarded/struct_sub.v:6.11-6.12"
          }
        },
        "borrow": {
          "hide_name": 0,
          "bits": [ 5 ],
          "attributes": {
            "src": "/mnt/c/Users/Gupta/Desktop/vlsi/delay_predictor/Dataset/modules/discarded/struct_sub.v:8.12-8.18"
          }
        },
        "diff": {
          "hide_name": 0,
          "bits": [ 4 ],
          "attributes": {
            "src": "/mnt/c/Users/Gupta/Desktop/vlsi/delay_predictor/Dataset/modules/discarded/struct_sub.v:7.12-7.16"
          }
        }
      }
    }
  }
}
