{
  "creator": "Yosys 0.33 (git sha1 2584903a060)",
  "modules": {
    "BCD_Counter": {
      "attributes": {
        "src": "/mnt/c/Users/Gupta/Desktop/vlsi/delay_predictor/Dataset/modules/discarded/struct12.v:16.1-36.10"
      },
      "ports": {
        "clk": {
          "direction": "input",
          "bits": [ 2 ]
        },
        "reset": {
          "direction": "input",
          "bits": [ 3 ]
        },
        "enable": {
          "direction": "input",
          "bits": [ 4 ]
        },
        "carry": {
          "direction": "output",
          "bits": [ 5 ]
        },
        "q": {
          "direction": "output",
          "bits": [ 6, 7, 8, 9 ]
        }
      },
      "cells": {
        "$abc$221$auto$blifparse.cc:386:parse_blif$222": {
          "hide_name": 1,
          "type": "INV_X1",
          "parameters": {
          },
          "attributes": {
          },
          "connections": {
            "A": [ 9 ],
            "ZN": [ 10 ]
          }
        },
        "$abc$221$auto$blifparse.cc:386:parse_blif$223": {
          "hide_name": 1,
          "type": "INV_X1",
          "parameters": {
          },
          "attributes": {
          },
          "connections": {
            "A": [ 8 ],
            "ZN": [ 11 ]
          }
        },
        "$abc$221$auto$blifparse.cc:386:parse_blif$224": {
          "hide_name": 1,
          "type": "INV_X1",
          "parameters": {
          },
          "attributes": {
          },
          "connections": {
            "A": [ 7 ],
            "ZN": [ 12 ]
          }
        },
        "$abc$221$auto$blifparse.cc:386:parse_blif$225": {
          "hide_name": 1,
          "type": "INV_X1",
          "parameters": {
          },
          "attributes": {
          },
          "connections": {
            "A": [ 3 ],
            "ZN": [ 13 ]
          }
        },
        "$abc$221$auto$blifparse.cc:386:parse_blif$226": {
          "hide_name": 1,
          "type": "NAND2_X1",
          "parameters": {
          },
          "attributes": {
          },
          "connections": {
            "A1": [ 9 ],
            "A2": [ 11 ],
            "ZN": [ 14 ]
          }
        },
        "$abc$221$auto$blifparse.cc:386:parse_blif$227": {
          "hide_name": 1,
          "type": "NAND2_X1",
          "parameters": {
          },
          "attributes": {
          },
          "connections": {
            "A1": [ 12 ],
            "A2": [ 6 ],
            "ZN": [ 15 ]
          }
        },
        "$abc$221$auto$blifparse.cc:386:parse_blif$228": {
          "hide_name": 1,
          "type": "NOR2_X1",
          "parameters": {
          },
          "attributes": {
          },
          "connections": {
            "A1": [ 14 ],
            "A2": [ 15 ],
            "ZN": [ 16 ]
          }
        },
        "$abc$221$auto$blifparse.cc:386:parse_blif$229": {
          "hide_name": 1,
          "type": "MUX2_X1",
          "parameters": {
          },
          "attributes": {
          },
          "connections": {
            "A": [ 5 ],
            "B": [ 16 ],
            "S": [ 4 ],
            "Z": [ 17 ]
          }
        },
        "$abc$221$auto$blifparse.cc:386:parse_blif$230": {
          "hide_name": 1,
          "type": "NAND4_X1",
          "parameters": {
          },
          "attributes": {
          },
          "connections": {
            "A1": [ 9 ],
            "A2": [ 8 ],
            "A3": [ 7 ],
            "A4": [ 6 ],
            "ZN": [ 18 ]
          }
        },
        "$abc$221$auto$blifparse.cc:386:parse_blif$231": {
          "hide_name": 1,
          "type": "OAI21_X1",
          "parameters": {
          },
          "attributes": {
          },
          "connections": {
            "A": [ 18 ],
            "B1": [ 15 ],
            "B2": [ 14 ],
            "ZN": [ 19 ]
          }
        },
        "$abc$221$auto$blifparse.cc:386:parse_blif$232": {
          "hide_name": 1,
          "type": "NAND4_X1",
          "parameters": {
          },
          "attributes": {
          },
          "connections": {
            "A1": [ 4 ],
            "A2": [ 8 ],
            "A3": [ 7 ],
            "A4": [ 6 ],
            "ZN": [ 20 ]
          }
        },
        "$abc$221$auto$blifparse.cc:386:parse_blif$233": {
          "hide_name": 1,
          "type": "AOI22_X1",
          "parameters": {
          },
          "attributes": {
          },
          "connections": {
            "A1": [ 4 ],
            "A2": [ 19 ],
            "B1": [ 20 ],
            "B2": [ 10 ],
            "ZN": [ 21 ]
          }
        },
        "$abc$221$auto$blifparse.cc:386:parse_blif$234": {
          "hide_name": 1,
          "type": "NAND3_X1",
          "parameters": {
          },
          "attributes": {
          },
          "connections": {
            "A1": [ 4 ],
            "A2": [ 7 ],
            "A3": [ 6 ],
            "ZN": [ 22 ]
          }
        },
        "$abc$221$auto$blifparse.cc:386:parse_blif$235": {
          "hide_name": 1,
          "type": "NAND2_X1",
          "parameters": {
          },
          "attributes": {
          },
          "connections": {
            "A1": [ 11 ],
            "A2": [ 22 ],
            "ZN": [ 23 ]
          }
        },
        "$abc$221$auto$blifparse.cc:386:parse_blif$236": {
          "hide_name": 1,
          "type": "AND2_X1",
          "parameters": {
          },
          "attributes": {
          },
          "connections": {
            "A1": [ 20 ],
            "A2": [ 23 ],
            "ZN": [ 24 ]
          }
        },
        "$abc$221$auto$blifparse.cc:386:parse_blif$237": {
          "hide_name": 1,
          "type": "AND2_X1",
          "parameters": {
          },
          "attributes": {
          },
          "connections": {
            "A1": [ 4 ],
            "A2": [ 6 ],
            "ZN": [ 25 ]
          }
        },
        "$abc$221$auto$blifparse.cc:386:parse_blif$238": {
          "hide_name": 1,
          "type": "NAND2_X1",
          "parameters": {
          },
          "attributes": {
          },
          "connections": {
            "A1": [ 4 ],
            "A2": [ 14 ],
            "ZN": [ 26 ]
          }
        },
        "$abc$221$auto$blifparse.cc:386:parse_blif$239": {
          "hide_name": 1,
          "type": "OAI22_X1",
          "parameters": {
          },
          "attributes": {
          },
          "connections": {
            "A1": [ 12 ],
            "A2": [ 25 ],
            "B1": [ 26 ],
            "B2": [ 15 ],
            "ZN": [ 27 ]
          }
        },
        "$abc$221$auto$blifparse.cc:386:parse_blif$240": {
          "hide_name": 1,
          "type": "XOR2_X1",
          "parameters": {
          },
          "attributes": {
          },
          "connections": {
            "A": [ 4 ],
            "B": [ 6 ],
            "Z": [ 28 ]
          }
        },
        "$abc$221$auto$blifparse.cc:386:parse_blif$241": {
          "hide_name": 1,
          "type": "INV_X1",
          "parameters": {
          },
          "attributes": {
          },
          "connections": {
            "A": [ 3 ],
            "ZN": [ 29 ]
          }
        },
        "$abc$221$auto$blifparse.cc:386:parse_blif$242": {
          "hide_name": 1,
          "type": "INV_X1",
          "parameters": {
          },
          "attributes": {
          },
          "connections": {
            "A": [ 3 ],
            "ZN": [ 30 ]
          }
        },
        "$abc$221$auto$blifparse.cc:386:parse_blif$243": {
          "hide_name": 1,
          "type": "INV_X1",
          "parameters": {
          },
          "attributes": {
          },
          "connections": {
            "A": [ 3 ],
            "ZN": [ 31 ]
          }
        },
        "$abc$221$auto$blifparse.cc:386:parse_blif$244": {
          "hide_name": 1,
          "type": "INV_X1",
          "parameters": {
          },
          "attributes": {
          },
          "connections": {
            "A": [ 3 ],
            "ZN": [ 32 ]
          }
        },
        "$auto$ff.cc:266:slice$123": {
          "hide_name": 1,
          "type": "DFFR_X1",
          "parameters": {
          },
          "attributes": {
            "src": "/mnt/c/Users/Gupta/Desktop/vlsi/delay_predictor/Dataset/modules/discarded/struct12.v:23.5-35.12"
          },
          "connections": {
            "CK": [ 2 ],
            "D": [ 28 ],
            "Q": [ 6 ],
            "QN": [ 33 ],
            "RN": [ 13 ]
          }
        },
        "$auto$ff.cc:266:slice$124": {
          "hide_name": 1,
          "type": "DFFR_X1",
          "parameters": {
          },
          "attributes": {
            "src": "/mnt/c/Users/Gupta/Desktop/vlsi/delay_predictor/Dataset/modules/discarded/struct12.v:23.5-35.12"
          },
          "connections": {
            "CK": [ 2 ],
            "D": [ 27 ],
            "Q": [ 7 ],
            "QN": [ 34 ],
            "RN": [ 29 ]
          }
        },
        "$auto$ff.cc:266:slice$125": {
          "hide_name": 1,
          "type": "DFFR_X1",
          "parameters": {
          },
          "attributes": {
            "src": "/mnt/c/Users/Gupta/Desktop/vlsi/delay_predictor/Dataset/modules/discarded/struct12.v:23.5-35.12"
          },
          "connections": {
            "CK": [ 2 ],
            "D": [ 24 ],
            "Q": [ 8 ],
            "QN": [ 35 ],
            "RN": [ 30 ]
          }
        },
        "$auto$ff.cc:266:slice$126": {
          "hide_name": 1,
          "type": "DFFR_X1",
          "parameters": {
          },
          "attributes": {
            "src": "/mnt/c/Users/Gupta/Desktop/vlsi/delay_predictor/Dataset/modules/discarded/struct12.v:23.5-35.12"
          },
          "connections": {
            "CK": [ 2 ],
            "D": [ 21 ],
            "Q": [ 9 ],
            "QN": [ 36 ],
            "RN": [ 31 ]
          }
        },
        "$auto$ff.cc:266:slice$127": {
          "hide_name": 1,
          "type": "DFFR_X1",
          "parameters": {
          },
          "attributes": {
            "src": "/mnt/c/Users/Gupta/Desktop/vlsi/delay_predictor/Dataset/modules/discarded/struct12.v:23.5-35.12"
          },
          "connections": {
            "CK": [ 2 ],
            "D": [ 17 ],
            "Q": [ 5 ],
            "QN": [ 37 ],
            "RN": [ 32 ]
          }
        }
      },
      "netnames": {
        "$abc$221$auto$rtlil.cc:2600:NotGate$199": {
          "hide_name": 1,
          "bits": [ 13 ],
          "attributes": {
          }
        },
        "$abc$221$auto$rtlil.cc:2600:NotGate$203": {
          "hide_name": 1,
          "bits": [ 29 ],
          "attributes": {
          }
        },
        "$abc$221$auto$rtlil.cc:2600:NotGate$207": {
          "hide_name": 1,
          "bits": [ 30 ],
          "attributes": {
          }
        },
        "$abc$221$auto$rtlil.cc:2600:NotGate$211": {
          "hide_name": 1,
          "bits": [ 31 ],
          "attributes": {
          }
        },
        "$abc$221$auto$rtlil.cc:2600:NotGate$215": {
          "hide_name": 1,
          "bits": [ 32 ],
          "attributes": {
          }
        },
        "$abc$221$auto$rtlil.cc:2609:MuxGate$197": {
          "hide_name": 1,
          "bits": [ 28 ],
          "attributes": {
          }
        },
        "$abc$221$auto$rtlil.cc:2609:MuxGate$201": {
          "hide_name": 1,
          "bits": [ 27 ],
          "attributes": {
          }
        },
        "$abc$221$auto$rtlil.cc:2609:MuxGate$205": {
          "hide_name": 1,
          "bits": [ 24 ],
          "attributes": {
          }
        },
        "$abc$221$auto$rtlil.cc:2609:MuxGate$209": {
          "hide_name": 1,
          "bits": [ 21 ],
          "attributes": {
          }
        },
        "$abc$221$auto$rtlil.cc:2609:MuxGate$213": {
          "hide_name": 1,
          "bits": [ 17 ],
          "attributes": {
          }
        },
        "$abc$221$new_n18_": {
          "hide_name": 1,
          "bits": [ 10 ],
          "attributes": {
          }
        },
        "$abc$221$new_n19_": {
          "hide_name": 1,
          "bits": [ 11 ],
          "attributes": {
          }
        },
        "$abc$221$new_n20_": {
          "hide_name": 1,
          "bits": [ 12 ],
          "attributes": {
          }
        },
        "$abc$221$new_n22_": {
          "hide_name": 1,
          "bits": [ 14 ],
          "attributes": {
          }
        },
        "$abc$221$new_n23_": {
          "hide_name": 1,
          "bits": [ 15 ],
          "attributes": {
          }
        },
        "$abc$221$new_n24_": {
          "hide_name": 1,
          "bits": [ 16 ],
          "attributes": {
          }
        },
        "$abc$221$new_n26_": {
          "hide_name": 1,
          "bits": [ 18 ],
          "attributes": {
          }
        },
        "$abc$221$new_n27_": {
          "hide_name": 1,
          "bits": [ 19 ],
          "attributes": {
          }
        },
        "$abc$221$new_n28_": {
          "hide_name": 1,
          "bits": [ 20 ],
          "attributes": {
          }
        },
        "$abc$221$new_n30_": {
          "hide_name": 1,
          "bits": [ 22 ],
          "attributes": {
          }
        },
        "$abc$221$new_n31_": {
          "hide_name": 1,
          "bits": [ 23 ],
          "attributes": {
          }
        },
        "$abc$221$new_n33_": {
          "hide_name": 1,
          "bits": [ 25 ],
          "attributes": {
          }
        },
        "$abc$221$new_n34_": {
          "hide_name": 1,
          "bits": [ 26 ],
          "attributes": {
          }
        },
        "$auto$dfflibmap.cc:381:dfflibmap$216": {
          "hide_name": 1,
          "bits": [ 37 ],
          "attributes": {
          }
        },
        "$auto$dfflibmap.cc:381:dfflibmap$217": {
          "hide_name": 1,
          "bits": [ 36 ],
          "attributes": {
          }
        },
        "$auto$dfflibmap.cc:381:dfflibmap$218": {
          "hide_name": 1,
          "bits": [ 35 ],
          "attributes": {
          }
        },
        "$auto$dfflibmap.cc:381:dfflibmap$219": {
          "hide_name": 1,
          "bits": [ 34 ],
          "attributes": {
          }
        },
        "$auto$dfflibmap.cc:381:dfflibmap$220": {
          "hide_name": 1,
          "bits": [ 33 ],
          "attributes": {
          }
        },
        "carry": {
          "hide_name": 0,
          "bits": [ 5 ],
          "attributes": {
            "src": "/mnt/c/Users/Gupta/Desktop/vlsi/delay_predictor/Dataset/modules/discarded/struct12.v:20.16-20.21"
          }
        },
        "clk": {
          "hide_name": 0,
          "bits": [ 2 ],
          "attributes": {
            "src": "/mnt/c/Users/Gupta/Desktop/vlsi/delay_predictor/Dataset/modules/discarded/struct12.v:17.11-17.14"
          }
        },
        "enable": {
          "hide_name": 0,
          "bits": [ 4 ],
          "attributes": {
            "src": "/mnt/c/Users/Gupta/Desktop/vlsi/delay_predictor/Dataset/modules/discarded/struct12.v:19.11-19.17"
          }
        },
        "q": {
          "hide_name": 0,
          "bits": [ 6, 7, 8, 9 ],
          "attributes": {
            "src": "/mnt/c/Users/Gupta/Desktop/vlsi/delay_predictor/Dataset/modules/discarded/struct12.v:21.22-21.23"
          }
        },
        "reset": {
          "hide_name": 0,
          "bits": [ 3 ],
          "attributes": {
            "src": "/mnt/c/Users/Gupta/Desktop/vlsi/delay_predictor/Dataset/modules/discarded/struct12.v:18.11-18.16"
          }
        }
      }
    },
    "struct12": {
      "attributes": {
        "top": "00000000000000000000000000000001",
        "src": "/mnt/c/Users/Gupta/Desktop/vlsi/delay_predictor/Dataset/modules/discarded/struct12.v:3.1-14.10"
      },
      "ports": {
        "clk": {
          "direction": "input",
          "bits": [ 2 ]
        },
        "reset": {
          "direction": "input",
          "bits": [ 3 ]
        },
        "out": {
          "direction": "output",
          "bits": [ 4, 5, 6, 7, 8, 9, 10, 11, 12, 13, 14, 15, 16, 17, 18, 19, 20, 21, 22, 23 ]
        }
      },
      "cells": {
        "u0": {
          "hide_name": 0,
          "type": "BCD_Counter",
          "parameters": {
          },
          "attributes": {
            "module_not_derived": "00000000000000000000000000000001",
            "src": "/mnt/c/Users/Gupta/Desktop/vlsi/delay_predictor/Dataset/modules/discarded/struct12.v:9.17-9.61"
          },
          "port_directions": {
            "carry": "output",
            "clk": "input",
            "enable": "input",
            "q": "output",
            "reset": "input"
          },
          "connections": {
            "carry": [ 24 ],
            "clk": [ 2 ],
            "enable": [ "1" ],
            "q": [ 4, 5, 6, 7 ],
            "reset": [ 3 ]
          }
        },
        "u1": {
          "hide_name": 0,
          "type": "BCD_Counter",
          "parameters": {
          },
          "attributes": {
            "module_not_derived": "00000000000000000000000000000001",
            "src": "/mnt/c/Users/Gupta/Desktop/vlsi/delay_predictor/Dataset/modules/discarded/struct12.v:10.17-10.61"
          },
          "port_directions": {
            "carry": "output",
            "clk": "input",
            "enable": "input",
            "q": "output",
            "reset": "input"
          },
          "connections": {
            "carry": [ 25 ],
            "clk": [ 2 ],
            "enable": [ 24 ],
            "q": [ 8, 9, 10, 11 ],
            "reset": [ 3 ]
          }
        },
        "u2": {
          "hide_name": 0,
          "type": "BCD_Counter",
          "parameters": {
          },
          "attributes": {
            "module_not_derived": "00000000000000000000000000000001",
            "src": "/mnt/c/Users/Gupta/Desktop/vlsi/delay_predictor/Dataset/modules/discarded/struct12.v:11.17-11.62"
          },
          "port_directions": {
            "carry": "output",
            "clk": "input",
            "enable": "input",
            "q": "output",
            "reset": "input"
          },
          "connections": {
            "carry": [ 26 ],
            "clk": [ 2 ],
            "enable": [ 25 ],
            "q": [ 12, 13, 14, 15 ],
            "reset": [ 3 ]
          }
        },
        "u3": {
          "hide_name": 0,
          "type": "BCD_Counter",
          "parameters": {
          },
          "attributes": {
            "module_not_derived": "00000000000000000000000000000001",
            "src": "/mnt/c/Users/Gupta/Desktop/vlsi/delay_predictor/Dataset/modules/discarded/struct12.v:12.17-12.63"
          },
          "port_directions": {
            "carry": "output",
            "clk": "input",
            "enable": "input",
            "q": "output",
            "reset": "input"
          },
          "connections": {
            "carry": [ 27 ],
            "clk": [ 2 ],
            "enable": [ 26 ],
            "q": [ 16, 17, 18, 19 ],
            "reset": [ 3 ]
          }
        },
        "u4": {
          "hide_name": 0,
          "type": "BCD_Counter",
          "parameters": {
          },
          "attributes": {
            "module_not_derived": "00000000000000000000000000000001",
            "src": "/mnt/c/Users/Gupta/Desktop/vlsi/delay_predictor/Dataset/modules/discarded/struct12.v:13.17-13.60"
          },
          "port_directions": {
            "carry": "output",
            "clk": "input",
            "enable": "input",
            "q": "output",
            "reset": "input"
          },
          "connections": {
            "carry": [ 28 ],
            "clk": [ 2 ],
            "enable": [ 27 ],
            "q": [ 20, 21, 22, 23 ],
            "reset": [ 3 ]
          }
        }
      },
      "netnames": {
        "carry": {
          "hide_name": 0,
          "bits": [ "1", 24, 25, 26, 27 ],
          "attributes": {
            "src": "/mnt/c/Users/Gupta/Desktop/vlsi/delay_predictor/Dataset/modules/discarded/struct12.v:4.16-4.21"
          }
        },
        "clk": {
          "hide_name": 0,
          "bits": [ 2 ],
          "attributes": {
            "src": "/mnt/c/Users/Gupta/Desktop/vlsi/delay_predictor/Dataset/modules/discarded/struct12.v:3.23-3.26"
          }
        },
        "dummy": {
          "hide_name": 0,
          "bits": [ 28 ],
          "attributes": {
            "src": "/mnt/c/Users/Gupta/Desktop/vlsi/delay_predictor/Dataset/modules/discarded/struct12.v:5.10-5.15",
            "unused_bits": "0 "
          }
        },
        "out": {
          "hide_name": 0,
          "bits": [ 4, 5, 6, 7, 8, 9, 10, 11, 12, 13, 14, 15, 16, 17, 18, 19, 20, 21, 22, 23 ],
          "attributes": {
            "src": "/mnt/c/Users/Gupta/Desktop/vlsi/delay_predictor/Dataset/modules/discarded/struct12.v:3.55-3.58"
          }
        },
        "reset": {
          "hide_name": 0,
          "bits": [ 3 ],
          "attributes": {
            "src": "/mnt/c/Users/Gupta/Desktop/vlsi/delay_predictor/Dataset/modules/discarded/struct12.v:3.34-3.39"
          }
        }
      }
    }
  }
}
